company_name,country,hall,booth,brands,representatives,source_page_url,source_record_url
3B DİZAYN BİLGİSAYAR MAKİNA KALIP MODEL TAS. SAN. VE TİC. LTD. ŞTİ.,Türki̇ye,12,1220 A,TopSolid TÜRKİYE,TopSolid SAS,https://www.maktekfuari.com/en/exhibitor-list,https://www.maktekfuari.com/en/brand/3b-dizayn-bilgisayar-makina-kalip-model-tas-san-ve-tic-ltd-sti
3D Lab Sp. z o.o.,Poland,9,905A,,,https://www.maktekfuari.com/en/exhibitor-list,https://www.maktekfuari.com/en/brand/3d-lab-sp-z-oo
3D TEKNO MARKET ANONIM SIRKETI,Türki̇ye,11A,23,,,https://www.maktekfuari.com/en/exhibitor-list,https://www.maktekfuari.com/en/brand/3d-tekno-market-anonim-sirketi
5T5 MAKİNA SAN VE TİC AŞ,Türki̇ye,12A,37,Bodor Laser,,https://www.maktekfuari.com/en/exhibitor-list,https://www.maktekfuari.com/en/brand/5t5-makina-san-ve-tic-as
A-RYUNG,South Korea,9,906,,,https://www.maktekfuari.com/en/exhibitor-list,https://www.maktekfuari.com/en/brand/a-ryung
ABBA TEKNOLOJİ YAZILIM HİZMETLERİ SANAYİ VE TİCARET LİMİTED ŞİRKETİ,Türki̇ye,12,1220B,,GO2CAM INTERNATIONAL,https://www.maktekfuari.com/en/exhibitor-list,https://www.maktekfuari.com/en/brand/abba-teknoloji-yazilim-hizmetleri-sanayi-ve-ticaret-limited-sirketi
Aberlink,İngi̇ltere,11,1121,,,https://www.maktekfuari.com/en/exhibitor-list,https://www.maktekfuari.com/en/brand/aberlink
ABKTEKNİK İMALAT VE MÜH ÇÖZÜMLERİ LTD.ŞTİ,Türki̇ye,12,1217,,,https://www.maktekfuari.com/en/exhibitor-list,https://www.maktekfuari.com/en/brand/abkteknik-imalat-ve-muh-cozumleri-ltdsti
ABM - ADVANCED BEARING,Tayvan,6,622,,,https://www.maktekfuari.com/en/exhibitor-list,https://www.maktekfuari.com/en/brand/abm-advanced-bearing
ABM MAKİNE SAN. VE TİC. A.Ş.,Türki̇ye,12,1228,,,https://www.maktekfuari.com/en/exhibitor-list,https://www.maktekfuari.com/en/brand/abm-makine-san-ve-tic-as
Accretech,Germany,11,1121,,,https://www.maktekfuari.com/en/exhibitor-list,https://www.maktekfuari.com/en/brand/accretech
"AccuteX Technologies Co.,Ltd",Tayvan,5,512,,,https://www.maktekfuari.com/en/exhibitor-list,https://www.maktekfuari.com/en/brand/accutex-technologies-coltd
"ACCUWAY MACHINERY CO., LTD.",Tayvan,12,1226,,,https://www.maktekfuari.com/en/exhibitor-list?page=2,https://www.maktekfuari.com/en/brand/accuway-machinery-co-ltd
ADDVALUE EKLEMELI IMALAT VE MAKINA ROBOT SISTEMLERI SANAYI VE TICARET LIMITED SIRKETI,Türki̇ye,9,922,,,https://www.maktekfuari.com/en/exhibitor-list?page=2,https://www.maktekfuari.com/en/brand/addvalue-eklemeli-imalat-ve-makina-robot-sistemleri-sanayi-ve-ticaret-limited-sirketi
ADELBERT HAAS GMBH,Germany,5,503 B,,,https://www.maktekfuari.com/en/exhibitor-list?page=2,https://www.maktekfuari.com/en/brand/adelbert-haas-gmbh
ADH MACHINE TOOLS,China,11A,01,,,https://www.maktekfuari.com/en/exhibitor-list?page=2,https://www.maktekfuari.com/en/brand/adh-machine-tools
ADİL MAKİNA SAN.VE TİC.N ADİL ÜNAL,Türki̇ye,7,714,,FAIR FRIEND ENT.CO.LTD MACHINE TOOL DIVISION,https://www.maktekfuari.com/en/exhibitor-list?page=2,https://www.maktekfuari.com/en/brand/adil-makina-sanve-ticn-adil-unal
ADİL TESTERE MAKİNE A.Ş.,Türki̇ye,1,107,Eberle,J.N. Eberle Cie. GmbH,https://www.maktekfuari.com/en/exhibitor-list?page=2,https://www.maktekfuari.com/en/brand/adil-testere-makine-as
ADLER MAKİNA METAL İŞLEME SAN. VE TİC. A.Ş.,Türki̇ye,2,225A,ADLER,"MUBEA TELLERFEDERN GMBH, STARRETT IND&COM LTDA",https://www.maktekfuari.com/en/exhibitor-list?page=2,https://www.maktekfuari.com/en/brand/adler-makina-metal-isleme-san-ve-tic-as
ADVENTECH,Tayvan,6,602,,,https://www.maktekfuari.com/en/exhibitor-list?page=2,https://www.maktekfuari.com/en/brand/adventech
AFC Hartmetall,Germany,11,1180,,,https://www.maktekfuari.com/en/exhibitor-list?page=2,https://www.maktekfuari.com/en/brand/afc-hartmetall
AFLB TAURING,Italy,11A,17,,,https://www.maktekfuari.com/en/exhibitor-list?page=2,https://www.maktekfuari.com/en/brand/aflb-tauring
AGATHON AG,Switzerland,2,217,,,https://www.maktekfuari.com/en/exhibitor-list?page=2,https://www.maktekfuari.com/en/brand/agathon-ag
AGMACHINE TECHNO CO.LTD,Tayvan,7,715,,,https://www.maktekfuari.com/en/exhibitor-list?page=2,https://www.maktekfuari.com/en/brand/agmachine-techno-coltd
AGP ENERJİ MÜH. İNŞ. TAAH. SAN. VE TİC. A.Ş.,Türki̇ye,9,912,"AGP, AGP",,https://www.maktekfuari.com/en/exhibitor-list?page=3,https://www.maktekfuari.com/en/brand/agp-enerji-muh-ins-taah-san-ve-tic-as
AIRON ENDÜSTRİ MAKİNA SANAYİ VE TİCARET LİMİTED ŞİRKETİ,Türki̇ye,12A,43,,,https://www.maktekfuari.com/en/exhibitor-list?page=3,https://www.maktekfuari.com/en/brand/airon-endustri-makina-sanayi-ve-ticaret-limited-sirketi
AJANS ORGANİZE KAMURAN TECİMEN,Türki̇ye,SalonNo,StandNo,,,https://www.maktekfuari.com/en/exhibitor-list?page=3,https://www.maktekfuari.com/en/brand/ajans-organize-kamuran-tecimen
AJANSMİK FUARCILIK VE MEDYA HİZMETLERİ LİMİTED ŞİRKETİ,Türki̇ye,SalonNo,StandNo,AJANSMİK FUARCILIK VE MEDYA HİZMETLERİ LTD. ŞTİ.,,https://www.maktekfuari.com/en/exhibitor-list?page=3,https://www.maktekfuari.com/en/brand/ajansmik-fuarcilik-ve-medya-hizmetleri-limited-sirketi
AK AKSÜT MAKİNA METAL İNŞ. TEKS. OTO. PET. ÜRÜN. TİC. VE SAN. LTD. ŞTİ.,Türki̇ye,1,113,,,https://www.maktekfuari.com/en/exhibitor-list?page=3,https://www.maktekfuari.com/en/brand/aksut-makina-metal-ins-teks-oto-pet-urun-tic-ve-san-ltd-sti
AK MAKİNA SAN VE TİC LTD ŞTİ,Türki̇ye,8,805,,"AKIRA SEIKI CO, LTD, KAO FONG MACHINERY CO, LTD, PALMARY MACHINERY CO. LTD, HARTECH, HYUNDAI ROBOTICS, HANWA SEMITECH, HYUNDAI WIA CORPORATION, AXILE, ZOPO",https://www.maktekfuari.com/en/exhibitor-list?page=3,https://www.maktekfuari.com/en/brand/ak-makina-san-ve-tic-ltd-sti
AKBAL MAKİNA END.SAN. VE DIŞ TİC.LTD.ŞTİ.,Türki̇ye,5,506,Mastertech,HCM,https://www.maktekfuari.com/en/exhibitor-list?page=3,https://www.maktekfuari.com/en/brand/akbal-makina-endsan-ve-dis-ticltdsti
AKERMAK TEKNİK HIRDAVAT VE ENDÜSTRİYEL ÜRÜNLERİ SAN. VE TİC. A. Ş.,Türki̇ye,11,1158,"AKERMAK, DAITECH MOLD, HUTTOOLS","QUIRI HYDROMECANIQUE, LUBO, FRATELLİ VERGNANO S.R.L., SILMAX, SWISS TOOL SYSTEMS AG, GEBRÜDER EBERHARD GMBH & CO.KG, PUNCH INDUSTRY, WIDIA, KTA SPINDLE TOOLING",https://www.maktekfuari.com/en/exhibitor-list?page=3,https://www.maktekfuari.com/en/brand/akermak-teknik-hirdavat-ve-endustriyel-urunleri-san-ve-tic-a-s
"AKIRA SEIKI CO, LTD",Tayvan,8,805,,,https://www.maktekfuari.com/en/exhibitor-list?page=3,https://www.maktekfuari.com/en/brand/akira-seiki-co-ltd
AKKO MAKINA SAN. VE TIC. A.Ş.,Türki̇ye,11,1145,,,https://www.maktekfuari.com/en/exhibitor-list?page=3,https://www.maktekfuari.com/en/brand/akko-makina-san-ve-tic-as
AKTİF KESİCİ TAKIM HIRDAVAT MAK. SAN. TİC. LTD. ŞTİ.,Türki̇ye,11,1152,,BLASER SWİSSLUBE,https://www.maktekfuari.com/en/exhibitor-list?page=3,https://www.maktekfuari.com/en/brand/aktif-kesici-takim-hirdavat-mak-san-tic-ltd-sti
AKYAPAK MAKİNA SANAYİ TİCARET A. Ş.,Türki̇ye,3,316,,,https://www.maktekfuari.com/en/exhibitor-list?page=3,https://www.maktekfuari.com/en/brand/akyapak-makina-sanayi-ticaret-a-s
AL ALTAN MAKİNA HIR. SAN TİC A.Ş.,Türki̇ye,11,1141,,,https://www.maktekfuari.com/en/exhibitor-list?page=4,https://www.maktekfuari.com/en/brand/altan-makina-hir-san-tic-as
Alberti,Italy,11,1117,,,https://www.maktekfuari.com/en/exhibitor-list?page=4,https://www.maktekfuari.com/en/brand/alberti
"Alex-Tech Machinery Industrial Co., Ltd.",Tayvan,8,810,,,https://www.maktekfuari.com/en/exhibitor-list?page=4,https://www.maktekfuari.com/en/brand/alex-tech-machinery-industrial-co-ltd
ALFAMAK KALIP ELEMANLARI MAKİNA SAN. TİC. LTD. ŞTİ.,Türki̇ye,11,1130A,"ALFAMAK, ALFAMAK",,https://www.maktekfuari.com/en/exhibitor-list?page=4,https://www.maktekfuari.com/en/brand/alfamak-kalip-elemanlari-makina-san-tic-ltd-sti
ALFLETH ENGINEERING AG,Switzerland,9,904F,,"FEHLMANN AG MASCHINENFABRIK, DELTA Srl, CARL BENZINGER GmbH, BERGAMINI Srl, ROBBI GROUP Srl, IMSA S.R.L, WEILER Werkzeugmaschinen GmbH",https://www.maktekfuari.com/en/exhibitor-list?page=4,https://www.maktekfuari.com/en/brand/alfleth-engineering-ag
ALKA MAKİNA OTO İNŞ. ELK. İTH. İHR. SAN. VE DIŞ TİC. LTD. ŞTİ.,Türki̇ye,11,1177,BİAX PROFESSİONAL POWER,,https://www.maktekfuari.com/en/exhibitor-list?page=4,https://www.maktekfuari.com/en/brand/alka-makina-oto-ins-elk-ith-ihr-san-ve-dis-tic-ltd-sti
ALPHA LASER GMBH,Germany,3,310,,,https://www.maktekfuari.com/en/exhibitor-list?page=4,https://www.maktekfuari.com/en/brand/alpha-laser-gmbh
ALTERNATİF RULMAN A.Ş.,Türki̇ye,6,622,,ABM - ADVANCED BEARING,https://www.maktekfuari.com/en/exhibitor-list?page=4,https://www.maktekfuari.com/en/brand/alternatif-rulman-as
Alzmetall,Germany,7,701 Hall: 7 Booth: 703,,,https://www.maktekfuari.com/en/exhibitor-list?page=4,https://www.maktekfuari.com/en/brand/alzmetall
AMOB S.A.,Portugal,2,219,,,https://www.maktekfuari.com/en/exhibitor-list?page=4,https://www.maktekfuari.com/en/brand/amob-sa
"AN ANHUI SUNTAY HEAVY INDUSTRIES & MECHANICAL MANUFACTURE CO., LTD.",Türki̇ye,12A,77C,,,https://www.maktekfuari.com/en/exhibitor-list?page=5,https://www.maktekfuari.com/en/brand/anhui-suntay-heavy-industries-mechanical-manufacture-co-ltd
ANCA TURKEY CNC MAKİNE LTD.ŞTİ.,Türki̇ye,11,1115,,CemeCon AG,https://www.maktekfuari.com/en/exhibitor-list?page=4,https://www.maktekfuari.com/en/brand/anca-turkey-cnc-makine-ltdsti
ANDREAS MAIER GmbH & Co. KG,Germany,11,1135,,,https://www.maktekfuari.com/en/exhibitor-list?page=4,https://www.maktekfuari.com/en/brand/andreas-maier-gmbh-co-kg
"ANHUI LIYUAN CNC BLADE MOLD MANUFACTURING CO., LTD.",China,12A,60C,LYNCCN,,https://www.maktekfuari.com/en/exhibitor-list?page=5,https://www.maktekfuari.com/en/brand/anhui-liyuan-cnc-blade-mold-manufacturing-co-ltd
"ANHUI PRIMACON INTELLIGENT EQUIPMENT CO.,LTD.",China,12A,78D,PRIMACON,,https://www.maktekfuari.com/en/exhibitor-list?page=5,https://www.maktekfuari.com/en/brand/anhui-primacon-intelligent-equipment-coltd
"Ann Way Machine Tools Co., Ltd.",Tayvan,12A,25,,,https://www.maktekfuari.com/en/exhibitor-list?page=5,https://www.maktekfuari.com/en/brand/ann-way-machine-tools-co-ltd
"ANYANG XINGHE INDUSTRIAL EQUIPMENT CO.,LTD.",China,12A,71C,Xing He,,https://www.maktekfuari.com/en/exhibitor-list?page=5,https://www.maktekfuari.com/en/brand/anyang-xinghe-industrial-equipment-coltd
Appsilon B.V.,Netherlands,11,1134,,,https://www.maktekfuari.com/en/exhibitor-list?page=5,https://www.maktekfuari.com/en/brand/appsilon-bv
APPSİLON İLERİ MALZEMELER DANŞ. SAN. VE TİC. A.Ş.,Türki̇ye,11,1134,Appsilon,Appsilon B.V.,https://www.maktekfuari.com/en/exhibitor-list?page=5,https://www.maktekfuari.com/en/brand/appsilon-ileri-malzemeler-dans-san-ve-tic-as
AR Filtazioni S.R.L.,Italy,6,613,,,https://www.maktekfuari.com/en/exhibitor-list?page=5,https://www.maktekfuari.com/en/brand/ar-filtazioni-srl
ARAN MAKİNA SAN.VE TİC. AHMET ARMUTÇUOĞLU,Türki̇ye,4,406,,ZMM SLIVEN BULGARIA,https://www.maktekfuari.com/en/exhibitor-list?page=5,https://www.maktekfuari.com/en/brand/aran-makina-sanve-tic-ahmet-armutcuoglu
Ares Seiki,Tayvan,7,701 Hall: 7 Booth: 703,,,https://www.maktekfuari.com/en/exhibitor-list?page=5,https://www.maktekfuari.com/en/brand/ares-seiki
ARI MAKİNA TAKIM TEZGAHLARI SAN.VE TİC.LTD.ŞTİ.,Türki̇ye,7,711,,"Joen Lih Machinery Co., Ltd., Xiamen Yangsen NC Equipment Joint Stock Co. Ltd.",https://www.maktekfuari.com/en/exhibitor-list?page=5,https://www.maktekfuari.com/en/brand/ari-makina-takim-tezgahlari-sanve-ticltdsti
"ARIX CNC MACHINES CO., LTD.",Tayvan,7,701 Hall: 7 Booth: 703,,,https://www.maktekfuari.com/en/exhibitor-list?page=6,https://www.maktekfuari.com/en/brand/arix-cnc-machines-co-ltd
ARİF ALAÇAM RULMAN TİC. VE SAN. LTD. ŞTİ.,Türki̇ye,9,908,ROLI,"NTN, SNR, OPTIBELT",https://www.maktekfuari.com/en/exhibitor-list?page=5,https://www.maktekfuari.com/en/brand/arif-alacam-rulman-tic-ve-san-ltd-sti
ARKU MASCHINENBAU GMBH,Germany,2,217,,,https://www.maktekfuari.com/en/exhibitor-list?page=6,https://www.maktekfuari.com/en/brand/arku-maschinenbau-gmbh
ARMADA YAZILIM A.Ş.,Türki̇ye,12,1205,,,https://www.maktekfuari.com/en/exhibitor-list?page=6,https://www.maktekfuari.com/en/brand/armada-yazilim-as
ARP TEKNİK MAKİNA SAN. VE TİC. LTD.ŞTİ,Türki̇ye,11,1174B,,"TBT Tiefbohrtechnik GmbH + Co, BTA-Tiefbohrsysteme",https://www.maktekfuari.com/en/exhibitor-list?page=6,https://www.maktekfuari.com/en/brand/arp-teknik-makina-san-ve-tic-ltdsti
ASC Process Systems,United States,5,508,,,https://www.maktekfuari.com/en/exhibitor-list?page=6,https://www.maktekfuari.com/en/brand/asc-process-systems
ASIMETO,Canada,11,1148A,,,https://www.maktekfuari.com/en/exhibitor-list?page=6,https://www.maktekfuari.com/en/brand/asimeto
Assfalg GmbH,Germany,12A,13B,,,https://www.maktekfuari.com/en/exhibitor-list?page=6,https://www.maktekfuari.com/en/brand/assfalg-gmbh
ASTES4 SA,Italy,3,310,,,https://www.maktekfuari.com/en/exhibitor-list?page=6,https://www.maktekfuari.com/en/brand/astes4-sa
ASTOR KONVEYÖR SİSTEMLERİ METAL MAKİNA ELEKTRİK OTOMASYON SAN. VE TİC. LTD. ŞTİ.,Türki̇ye,9,915,"Mist ZERO, Sludge ZERO, Cooling ZERO, Chip ZERO",FILTERMIST,https://www.maktekfuari.com/en/exhibitor-list?page=6,https://www.maktekfuari.com/en/brand/astor-konveyor-sistemleri-metal-makina-elektrik-otomasyon-san-ve-tic-ltd-sti
AT ATLIER RULMANCILIK ENDÜSTRİYEL EKİPMAN TİCARET VE SANAYİ LİMİTED ŞİRKETİ,Türki̇ye,6,618,,,https://www.maktekfuari.com/en/exhibitor-list?page=7,https://www.maktekfuari.com/en/brand/atlier-rulmancilik-endustriyel-ekipman-ticaret-ve-sanayi-limited-sirketi
ATİK ENDÜSTRİYEL KAY. TEKN. SAN. VE TİC. A. Ş.,Türki̇ye,1,110,,BERND SIGMUND GMBH,https://www.maktekfuari.com/en/exhibitor-list?page=6,https://www.maktekfuari.com/en/brand/atik-endustriyel-kay-tekn-san-ve-tic-a-s
ATLAS CNC MAKİNA TİCARET AŞ,Türki̇ye,3,310,"ALPHA LASER GMBH, RAS Reinhardt Maschinenbau GmbH, SAFAN DARLEY B.V., TIMESAVERS B.V., MITSUBISHI ASTES 4, LANHAO INTELLIGENT TECHNOLOGY, HBS, PIVATIC OY, RESATO INTENATIONAL B.V, HGIT, GSC, SONGU LASER, WILA BV, UKB, KETEC, REEGAO INTELLIGENT EQUIPMANTS","RAS REINHARDT MASCHINEBAU GMBH, LANHAO TECH- Nanjing Lanhao Intelligent Technology Co.,Ltd., TIMESAVERS INTERNATIONAL BV, MURATEC, MITSUBISHI ELECTRIC EUROPE B.V, ASTES4 SA, RESATO HPT, ALPHA LASER GMBH, Suzhou Han\\\\ s Songu Intelligent Equipment Co.,Ltd, GSC, KASTO MASCHINEBAU GMBH, SUNMASTER, NS MAQUINAS Industriais, Lda., HGIT, HBS TECH.,CO., PIVATIC OY, SAFANDARLEY B.V, LANHAO TECH- Nanjing Lanhao Intelligent Technology Co.,Ltd., MARKSMAN JEIL MTECH CO.,LTD., REEGAO Intelligent Equipment CO.,LTD",https://www.maktekfuari.com/en/exhibitor-list?page=6,https://www.maktekfuari.com/en/brand/atlas-cnc-makina-ticaret-as
ATLAS İTHALAT İHR.TİC.LTD.ŞTİ.,Türki̇ye,9,905B,,,https://www.maktekfuari.com/en/exhibitor-list?page=6,https://www.maktekfuari.com/en/brand/atlas-ithalat-ihrticltdsti
Atling Steady Rest,Sweden,11,1111,,,https://www.maktekfuari.com/en/exhibitor-list?page=7,https://www.maktekfuari.com/en/brand/atling-steady-rest
Autoblok S.p.A.,Italy,11,1124,,,https://www.maktekfuari.com/en/exhibitor-list?page=7,https://www.maktekfuari.com/en/brand/autoblok-spa
AVABIS DANIŞMANLIK VE TİC. LTD. ŞTİ.,Türki̇ye,12A,10A,,,https://www.maktekfuari.com/en/exhibitor-list?page=7,https://www.maktekfuari.com/en/brand/avabis-danismanlik-ve-tic-ltd-sti
AXILE,Tayvan,8,805,,,https://www.maktekfuari.com/en/exhibitor-list?page=7,https://www.maktekfuari.com/en/brand/axile
AYD KURUMSAL TEKNİK VE NÜKLEER HİZMETLER DANIŞMANLIK TİC. LTD. ŞTİ.,Türki̇ye,6,617,,"SGM srl New TEM, HÖCKH Metall-Reinigungsanlagen GmbH",https://www.maktekfuari.com/en/exhibitor-list?page=7,https://www.maktekfuari.com/en/brand/ayd-kurumsal-teknik-ve-nukleer-hizmetler-danismanlik-tic-ltd-sti
AZ spa,Italy,11,1129,,,https://www.maktekfuari.com/en/exhibitor-list?page=7,https://www.maktekfuari.com/en/brand/az-spa
AZE OTOMASYON EĞİTİM VE DANIŞMANLIK AŞ,Türki̇ye,6,601,"AZEPAS, AZEPAS","METROLOGIC DSC, STEINMEYER Test ve Kalibrasyon Sistemleri",https://www.maktekfuari.com/en/exhibitor-list?page=7,https://www.maktekfuari.com/en/brand/aze-otomasyon-egitim-ve-danismanlik-as
B.L.M. GROUP,Italy,2,210,,,https://www.maktekfuari.com/en/exhibitor-list?page=7,https://www.maktekfuari.com/en/brand/blm-group
BAOJI MACHINERY,Tayvan,4,403,,,https://www.maktekfuari.com/en/exhibitor-list?page=7,https://www.maktekfuari.com/en/brand/baoji-machinery
BARIŞ POLİMER SAN. İTH. İHR. END. VE TİC. LTD. ŞTİ.,Türki̇ye,11,1181,"STARTOOL, SYIC SHIN-YAIN, HALDER, HAM PRAZISION, RINECK, BRAUER","STARTOOL, SHIN YAIN, HALDER, HAM TOOLS, RINECK",https://www.maktekfuari.com/en/exhibitor-list?page=7,https://www.maktekfuari.com/en/brand/baris-polimer-san-ith-ihr-end-ve-tic-ltd-sti
"BARLOAD MACHINE CO.,LTD.",Tayvan,5,513,,,https://www.maktekfuari.com/en/exhibitor-list?page=7,https://www.maktekfuari.com/en/brand/barload-machine-coltd
BARTEKNİK MAKİNA SERVİS & SERVİS ÇUBUK SÜRÜCÜ SİSTEMLERİ SAN. TİC. LTD. ŞTİ.,Türki̇ye,9,916,BARTEKNİK MAKİNA,,https://www.maktekfuari.com/en/exhibitor-list?page=8,https://www.maktekfuari.com/en/brand/barteknik-makina-servis-servis-cubuk-surucu-sistemleri-san-tic-ltd-sti
BAYKAL GmbH,Germany,3,314,,,https://www.maktekfuari.com/en/exhibitor-list?page=8,https://www.maktekfuari.com/en/brand/baykal-gmbh
BAYKAL MAKİNA SAN. VE TİC. A. Ş.,Türki̇ye,3,314,Baykal,BAYKAL GmbH,https://www.maktekfuari.com/en/exhibitor-list?page=8,https://www.maktekfuari.com/en/brand/baykal-makina-san-ve-tic-a-s
BAYSEL MAKİNA SANAYİ VE TİC. LTD. ŞTİ.,Türki̇ye,5,513,,"JINN FA MACHINE INDUSTRIAL CO., LTD., BARLOAD MACHINE CO.,LTD.",https://www.maktekfuari.com/en/exhibitor-list?page=8,https://www.maktekfuari.com/en/brand/baysel-makina-sanayi-ve-tic-ltd-sti
BAŞARANLAR CNC MAKİNA TAKIM SAN. VE TİC. LTD. ŞTİ.,Türki̇ye,11,1169,"Hasstak, Hassbara",,https://www.maktekfuari.com/en/exhibitor-list?page=8,https://www.maktekfuari.com/en/brand/basaranlar-cnc-makina-takim-san-ve-tic-ltd-sti
BBEND MAKİNA İTHALAT İHRACAT SAN. EV TİC. LTD. ŞTİ.,Türki̇ye,1,106,BBEND MAKİNA,,https://www.maktekfuari.com/en/exhibitor-list?page=8,https://www.maktekfuari.com/en/brand/bbend-makina-ithalat-ihracat-san-ev-tic-ltd-sti
"BD BDF MACHINERY TECHNOLOGY (CHANGZHOU) CO., LTD.",Türki̇ye,12A,81C,,,https://www.maktekfuari.com/en/exhibitor-list?page=8,https://www.maktekfuari.com/en/brand/bdf-machinery-technology-changzhou-co-ltd
BEHRINGER,Germany,3,317A,,,https://www.maktekfuari.com/en/exhibitor-list?page=8,https://www.maktekfuari.com/en/brand/behringer
BEHRINGER EISELE,Germany,3,317A,,,https://www.maktekfuari.com/en/exhibitor-list?page=8,https://www.maktekfuari.com/en/brand/behringer-eisele
BEIJING DIAMOND NUMERICAL CONTROL TECHNOLOGY LTD.,China,12A,59E,,,https://www.maktekfuari.com/en/exhibitor-list?page=8,https://www.maktekfuari.com/en/brand/beijing-diamond-numerical-control-technology-ltd
"BEIJING JINGDIAO GROUP CO., LTD.",China,5,503 B,,,https://www.maktekfuari.com/en/exhibitor-list?page=8,https://www.maktekfuari.com/en/brand/beijing-jingdiao-group-co-ltd
"BEIJING WORLDIA DIAMOND TOOLS CO.,LTD.",China,9,904A,WORLDIA,WORLDIA TURKEY KESİCİ TAKIMLAR LTD. ŞTİ.,https://www.maktekfuari.com/en/exhibitor-list?page=8,https://www.maktekfuari.com/en/brand/beijing-worldia-diamond-tools-coltd
BEKA-MAK MAKİNA SANAYİ VE TİC. A. Ş.,Türki̇ye,1,105,BEKAMAK,,https://www.maktekfuari.com/en/exhibitor-list?page=9,https://www.maktekfuari.com/en/brand/beka-mak-makina-sanayi-ve-tic-a-s
Belotti,Italy,12,1208A,,,https://www.maktekfuari.com/en/exhibitor-list?page=9,https://www.maktekfuari.com/en/brand/belotti
BEM MAKİNE MÜHENDİSLİK DIŞ TİCARET PAZARLAMA SANAYİ VE TİCARET LİMİTED ŞİRKETİ,Türki̇ye,10,1008,"KIRA, tokio, SHOWA TOOL, HANSONG, W.T.I. FASTENERS","SHOWA TOOL, HAN SONG, W.T.I. Fasteners Ltd, tokio, KIRA",https://www.maktekfuari.com/en/exhibitor-list?page=9,https://www.maktekfuari.com/en/brand/bem-makine-muhendislik-dis-ticaret-pazarlama-sanayi-ve-ticaret-limited-sirketi
Benz GmbH,Germany,11,1133,,,https://www.maktekfuari.com/en/exhibitor-list?page=9,https://www.maktekfuari.com/en/brand/benz-gmbh
BERGAMINI Srl,Italy,9,904F,,,https://www.maktekfuari.com/en/exhibitor-list?page=9,https://www.maktekfuari.com/en/brand/bergamini-srl
BERİL ENDÜSTRİYEL ÜRÜNLER MÜHENDİSLİK TİC. LTD. ŞTİ.,Türki̇ye,11,1105,,GREENLEAF CORPORATION,https://www.maktekfuari.com/en/exhibitor-list?page=9,https://www.maktekfuari.com/en/brand/beril-endustriyel-urunler-muhendislik-tic-ltd-sti
BERK GAZ KİMYA ENERJİ SAN. TİC.LTD.ŞTİ,Türki̇ye,11A,10B,BERK GAZ KİMYA ENERJİ SAN. TİC. LTD. ŞTİ.,,https://www.maktekfuari.com/en/exhibitor-list?page=9,https://www.maktekfuari.com/en/brand/berk-gaz-kimya-enerji-san-ticltdsti
BERND SIGMUND GMBH,Germany,1,110,,,https://www.maktekfuari.com/en/exhibitor-list?page=9,https://www.maktekfuari.com/en/brand/bernd-sigmund-gmbh
BERT OKE SERT MADEN SAN. VE TİC. LTD.ŞTİ.,Türki̇ye,11,1148B,OKE,,https://www.maktekfuari.com/en/exhibitor-list?page=9,https://www.maktekfuari.com/en/brand/bert-oke-sert-maden-san-ve-tic-ltdsti
BEST CNC TAKIM TEZGAHLARI SAN.TİC.LTD.ŞTİ.,Türki̇ye,9,906,,"A-RYUNG, YOUNGCHANG, SAMCHULLY, EXACT",https://www.maktekfuari.com/en/exhibitor-list?page=9,https://www.maktekfuari.com/en/brand/best-cnc-takim-tezgahlari-santicltdsti
Best Gmbh,Germany,11,1156,,,https://www.maktekfuari.com/en/exhibitor-list?page=9,https://www.maktekfuari.com/en/brand/best-gmbh
"BETTER PRECISION TOOLS CO.,LTD",China,12A,67C-1,"LION CBD, BETTER",,https://www.maktekfuari.com/en/exhibitor-list?page=9,https://www.maktekfuari.com/en/brand/better-precision-tools-coltd
BIEL MAKİNE SANAYİ VE TİCARET A.Ş.,Türki̇ye,11A,35,BIEL MAKİNE A.Ş,DNE LASER,https://www.maktekfuari.com/en/exhibitor-list?page=10,https://www.maktekfuari.com/en/brand/biel-makine-sanayi-ve-ticaret-as
"BIG DAISHOWA Co.,Ltd.",Japan,11,1123,,,https://www.maktekfuari.com/en/exhibitor-list?page=10,https://www.maktekfuari.com/en/brand/big-daishowa-coltd
BISON BİAL S.A,Poland,11,1163,,,https://www.maktekfuari.com/en/exhibitor-list?page=10,https://www.maktekfuari.com/en/brand/bison-bial-sa
BISON S.A.,Poland,11,1148A,,,https://www.maktekfuari.com/en/exhibitor-list?page=10,https://www.maktekfuari.com/en/brand/bison-sa
BİEM LASER MAKİNA VE OTOMASYON SAN. TİC. LTD. ŞTİ.,Türki̇ye,12A,17,,,https://www.maktekfuari.com/en/exhibitor-list?page=10,https://www.maktekfuari.com/en/brand/biem-laser-makina-ve-otomasyon-san-tic-ltd-sti
BİEN AKADEMİ EĞİTİM ORGANİZASYON VE TURİZM LTD. ŞTİ.,Türki̇ye,9,911,,,https://www.maktekfuari.com/en/exhibitor-list?page=10,https://www.maktekfuari.com/en/brand/bien-akademi-egitim-organizasyon-ve-turizm-ltd-sti
BİLGİN MEKATRONİK MAK. SAN. TİC. LTD. ŞTİ.,Türki̇ye,9,917,,,https://www.maktekfuari.com/en/exhibitor-list?page=10,https://www.maktekfuari.com/en/brand/bilgin-mekatronik-mak-san-tic-ltd-sti
BİLGİNOĞLU ENDÜSTRİ MALZ. SAN. TİC. A.Ş.,Türki̇ye,11,1147 - 1146,,"MITUTOYO, VICI VISION",https://www.maktekfuari.com/en/exhibitor-list?page=10,https://www.maktekfuari.com/en/brand/bilginoglu-endustri-malz-san-tic-as
BİLOL METAL İŞLEME MERKEZİ SAN. VE TİC. LTD.ŞTİ.,Türki̇ye,2,217,,"ARKU MASCHINENBAU GMBH, AGATHON AG, BRUDERER AG, IMEAS spa, NOBAG Nobs Engineering AG, PEMTec SNC, PERO AG, Di.Gi.Emme S.R.L., Martin Walter Ultraschalltechnik AG, Oti Presse, MITEC s.a.s. di Viviani Maurizio & C.",https://www.maktekfuari.com/en/exhibitor-list?page=10,https://www.maktekfuari.com/en/brand/bilol-metal-isleme-merkezi-san-ve-tic-ltdsti
BİMAKSAN CNC TAKIM TEZGAHLARI .SAN VE TİC. LTD. ŞTİ.,Türki̇ye,8,804,,,https://www.maktekfuari.com/en/exhibitor-list?page=10,https://www.maktekfuari.com/en/brand/bimaksan-cnc-takim-tezgahlari-san-ve-tic-ltd-sti
BLASER SWİSSLUBE,Switzerland,11,1152,,,https://www.maktekfuari.com/en/exhibitor-list?page=10,https://www.maktekfuari.com/en/brand/blaser-swisslube
BLM GROUP,Italy,2,210,,,https://www.maktekfuari.com/en/exhibitor-list?page=10,https://www.maktekfuari.com/en/brand/blm-group-1
Blue Photon Technology & Workholding Systems LLC,United States,11,1174A,,,https://www.maktekfuari.com/en/exhibitor-list?page=11,https://www.maktekfuari.com/en/brand/blue-photon-technology-workholding-systems-llc
BLUM NOVOTEST GMBH,Germany,6,621,,,https://www.maktekfuari.com/en/exhibitor-list?page=11,https://www.maktekfuari.com/en/brand/blum-novotest-gmbh
BMT MAKİNA EKİPMANLARI DANIŞMANLIK LTD ŞTİ.,Türki̇ye,11,1109,,MIRKA SA,https://www.maktekfuari.com/en/exhibitor-list?page=11,https://www.maktekfuari.com/en/brand/bmt-makina-ekipmanlari-danismanlik-ltd-sti
BOBCAD - CAM,United States,12,1223,,,https://www.maktekfuari.com/en/exhibitor-list?page=11,https://www.maktekfuari.com/en/brand/bobcad-cam
BODOR LASER TURKEY MAKİNA TİCARET LİMİTED ŞİRKETİ,Türki̇ye,12A,41,,,https://www.maktekfuari.com/en/exhibitor-list?page=11,https://www.maktekfuari.com/en/brand/bodor-laser-turkey-makina-ticaret-limited-sirketi
BOEHLERİT SERT METAL VE TAKIM SAN. VE TİC. A.Ş.,Türki̇ye,11,1118,,,https://www.maktekfuari.com/en/exhibitor-list?page=11,https://www.maktekfuari.com/en/brand/boehlerit-sert-metal-ve-takim-san-ve-tic-as
BONİTA TURİZM VE İNŞAAT A.Ş.,Türki̇ye,12A,58C,,WHENZHOU SPRING TRADING CO LTD,https://www.maktekfuari.com/en/exhibitor-list?page=11,https://www.maktekfuari.com/en/brand/bonita-turizm-ve-insaat-as
BOO YOUNG TOOL Republic Of Korea,,12A,23A,,,https://www.maktekfuari.com/en/exhibitor-list?page=11,https://www.maktekfuari.com/en/brand/boo-young-tool
Boomerang Carbide Australia,,12A,58A,,,https://www.maktekfuari.com/en/exhibitor-list?page=11,https://www.maktekfuari.com/en/brand/boomerang-carbide
BOOMERANG CARBİDE TURKEY METAL VE TİCARET LİMİTED ŞİRKETİ,Türki̇ye,12A,58A,Boomerang Carbide,Boomerang Carbide,https://www.maktekfuari.com/en/exhibitor-list?page=11,https://www.maktekfuari.com/en/brand/boomerang-carbide-turkey-metal-ve-ticaret-limited-sirketi
BOR CARBIDE İÇ VE DIŞ TİCARET A.Ş.,Türki̇ye,12A,29,"MA FORD, BORCARBIDE",,https://www.maktekfuari.com/en/exhibitor-list?page=12,https://www.maktekfuari.com/en/brand/bor-carbide-ic-ve-dis-ticaret-as
BORDIGNON,Italy,1,108,,,https://www.maktekfuari.com/en/exhibitor-list?page=12,https://www.maktekfuari.com/en/brand/bordignon
BOĞAZİÇİ ENDÜSTRİYEL YAĞ. KİM. MAD. SAN. VE TİC. A.Ş.,Türki̇ye,12A,27,Veze,Veze,https://www.maktekfuari.com/en/exhibitor-list?page=11,https://www.maktekfuari.com/en/brand/bogazici-endustriyel-yag-kim-mad-san-ve-tic-as
BOĞAZİÇİ YAZILIM ANONİM ŞİRKETİ,Türki̇ye,12,1202,,Siemens Digital Industries Software,https://www.maktekfuari.com/en/exhibitor-list?page=11,https://www.maktekfuari.com/en/brand/bogazici-yazilim-anonim-sirketi
BQ,China,5,517,,,https://www.maktekfuari.com/en/exhibitor-list?page=12,https://www.maktekfuari.com/en/brand/bq
BRUDERER AG,Switzerland,2,217,,,https://www.maktekfuari.com/en/exhibitor-list?page=12,https://www.maktekfuari.com/en/brand/bruderer-ag
BTA-Tiefbohrsysteme,Germany,11,1174B,,,https://www.maktekfuari.com/en/exhibitor-list?page=12,https://www.maktekfuari.com/en/brand/bta-tiefbohrsysteme
Bucovice Tools a.s.,Czech Republic,11,1148A,,,https://www.maktekfuari.com/en/exhibitor-list?page=12,https://www.maktekfuari.com/en/brand/bucovice-tools-as
BURLA MAK. TİC. VE YATIRIM A.Ş.,Türki̇ye,4,404,JETCO,Metabo,https://www.maktekfuari.com/en/exhibitor-list?page=12,https://www.maktekfuari.com/en/brand/burla-mak-tic-ve-yatirim-as
BURMAK ENDÜSTRİYEL PAZ. TİC. A.Ş.,Türki̇ye,12A,13B,,Assfalg GmbH,https://www.maktekfuari.com/en/exhibitor-list?page=12,https://www.maktekfuari.com/en/brand/burmak-endustriyel-paz-tic-as
BURPRES METAL SANAYİ A.Ş.,Türki̇ye,12A,57C,DESTAK,,https://www.maktekfuari.com/en/exhibitor-list?page=12,https://www.maktekfuari.com/en/brand/burpres-metal-sanayi-as
BUSAN ECONOMIC PROMOTION AGENCY,Türki̇ye,6,608,BEPA,,https://www.maktekfuari.com/en/exhibitor-list?page=12,https://www.maktekfuari.com/en/brand/busan-economic-promotion-agency
BUSATEC,Germany,2,214A,,,https://www.maktekfuari.com/en/exhibitor-list?page=12,https://www.maktekfuari.com/en/brand/busatec
BÜLENT SAĞBİLGE HMC LAZER SERVİS,Türki̇ye,12A,62,HMC LAZER,,https://www.maktekfuari.com/en/exhibitor-list?page=12,https://www.maktekfuari.com/en/brand/bulent-sagbilge-hmc-lazer-servis
C.E.I.A. S.p.A.,Germany,11A,06,,,https://www.maktekfuari.com/en/exhibitor-list?page=13,https://www.maktekfuari.com/en/brand/ceia-spa
C.M.S. SpA,Italy,5,508,,,https://www.maktekfuari.com/en/exhibitor-list?page=13,https://www.maktekfuari.com/en/brand/cms-spa
CAMPRO,Tayvan,8,812,,,https://www.maktekfuari.com/en/exhibitor-list?page=13,https://www.maktekfuari.com/en/brand/campro
CANDAR METAL OTOMOTİV SAN. TİC. LTD. ŞTİ.,Türki̇ye,11A,43,HONGNİU LASER,,https://www.maktekfuari.com/en/exhibitor-list?page=13,https://www.maktekfuari.com/en/brand/candar-metal-otomotiv-san-tic-ltd-sti
"CANGZHOU TUOSHENG LASER MACHINERY EQUIPMENT MANUFACTURING CO., LTD",China,12A,61H,TS LASER,,https://www.maktekfuari.com/en/exhibitor-list?page=13,https://www.maktekfuari.com/en/brand/cangzhou-tuosheng-laser-machinery-equipment-manufacturing-co-ltd
CARL BENZINGER GmbH,Germany,9,904F,,,https://www.maktekfuari.com/en/exhibitor-list?page=13,https://www.maktekfuari.com/en/brand/carl-benzinger-gmbh
CARMON,Italy,12A,36,,,https://www.maktekfuari.com/en/exhibitor-list?page=13,https://www.maktekfuari.com/en/brand/carmon
Carveco,İngi̇ltere,12,1213,,,https://www.maktekfuari.com/en/exhibitor-list?page=13,https://www.maktekfuari.com/en/brand/carveco
"CASTEK Mechatron Ind. Co., Ltd.",Tayvan,5,511,,,https://www.maktekfuari.com/en/exhibitor-list?page=13,https://www.maktekfuari.com/en/brand/castek-mechatron-ind-co-ltd
CDT - Coborn Diamond Technology,İngi̇ltere,11,1129,,,https://www.maktekfuari.com/en/exhibitor-list?page=13,https://www.maktekfuari.com/en/brand/cdt-coborn-diamond-technology
CemeCon AG,Germany,11,1115,,,https://www.maktekfuari.com/en/exhibitor-list?page=14,https://www.maktekfuari.com/en/brand/cemecon-ag
CENTRE ÖZÇELİK MAKİNA SANAYİ VE TİCARET LİMİTED ŞİRKETİ,Türki̇ye,12A,13A,,,https://www.maktekfuari.com/en/exhibitor-list?page=14,https://www.maktekfuari.com/en/brand/centre-ozcelik-makina-sanayi-ve-ticaret-limited-sirketi
Ceratizit Group,Germany,11,1149,,,https://www.maktekfuari.com/en/exhibitor-list?page=14,https://www.maktekfuari.com/en/brand/ceratizit-group
CERATIZIT TURKEY KESİCİ TAKIMLAR VE KARBÜR ÇÖZÜMLERİ TİC. LTD. ŞTİ.,Türki̇ye,11,1149,CERATIZIT,Ceratizit Group,https://www.maktekfuari.com/en/exhibitor-list?page=14,https://www.maktekfuari.com/en/brand/ceratizit-turkey-kesici-takimlar-ve-karbur-cozumleri-tic-ltd-sti
CESARE GALDABINI,Italy,10,1009,,,https://www.maktekfuari.com/en/exhibitor-list?page=14,https://www.maktekfuari.com/en/brand/cesare-galdabini
CESURBEND MAKİNA YED. PAR. İTH. İHR. SAN. TİC. LTD. ŞTİ.,Türki̇ye,1,101,"CESURBEND, BRAVEBEND",,https://www.maktekfuari.com/en/exhibitor-list?page=14,https://www.maktekfuari.com/en/brand/cesurbend-makina-yed-par-ith-ihr-san-tic-ltd-sti
CETEK SPRAY NOZZLE DIŞ TİC. LTD. ŞTİ,Türki̇ye,12A,28,CETEK,,https://www.maktekfuari.com/en/exhibitor-list?page=14,https://www.maktekfuari.com/en/brand/cetek-spray-nozzle-dis-tic-ltd-sti
CH CHAN CHAO INT. CO .LTD.,Türki̇ye,9,901,,,https://www.maktekfuari.com/en/exhibitor-list?page=14,https://www.maktekfuari.com/en/brand/chan-chao-int-co-ltd
CH CHANGZHOU SHUANGYANG TOOLS CO. LTD,Türki̇ye,12A,69A,,,https://www.maktekfuari.com/en/exhibitor-list?page=15,https://www.maktekfuari.com/en/brand/changzhou-shuangyang-tools-co-ltd
CHANGCHUN RONGDE OPTICS CO.LTD,China,12A,48E,ROUNDSS,,https://www.maktekfuari.com/en/exhibitor-list?page=14,https://www.maktekfuari.com/en/brand/changchun-rongde-optics-coltd
CHANGZHOU HIBOO TOOLS CO. LTD.,China,12A,48I,,,https://www.maktekfuari.com/en/exhibitor-list?page=14,https://www.maktekfuari.com/en/brand/changzhou-hiboo-tools-co-ltd
"CHANGZHOU JUNZHUO TOOLS CO.,LTD",China,12A,74,,,https://www.maktekfuari.com/en/exhibitor-list?page=14,https://www.maktekfuari.com/en/brand/changzhou-junzhuo-tools-coltd
"CHANGZHOU KANEI PRECISION CO., LTD.",China,12A,79D,kanei,,https://www.maktekfuari.com/en/exhibitor-list?page=14,https://www.maktekfuari.com/en/brand/changzhou-kanei-precision-co-ltd
"CHENGDU JOINT CARBIDE CO., LTD",China,12A,71E,,,https://www.maktekfuari.com/en/exhibitor-list?page=15,https://www.maktekfuari.com/en/brand/chengdu-joint-carbide-co-ltd
"Chengdu New Chengliang Tools Co.,Ltd.",China,12A,19 Hall: 12A Booth: 55,,,https://www.maktekfuari.com/en/exhibitor-list?page=15,https://www.maktekfuari.com/en/brand/chengdu-new-chengliang-tools-coltd
Chia Lern CO. LTD,Tayvan,11,1180,,,https://www.maktekfuari.com/en/exhibitor-list?page=15,https://www.maktekfuari.com/en/brand/chia-lern-co-ltd
CHIAO SHENG MACHINERY CO LTD,Tayvan,6,614,,,https://www.maktekfuari.com/en/exhibitor-list?page=15,https://www.maktekfuari.com/en/brand/chiao-sheng-machinery-co-ltd
"Chien Wei Precise Technology Co., Ltd.",Tayvan,5,503 B,,,https://www.maktekfuari.com/en/exhibitor-list?page=15,https://www.maktekfuari.com/en/brand/chien-wei-precise-technology-co-ltd
CHIRON Group SE,Germany,10,1014,,,https://www.maktekfuari.com/en/exhibitor-list?page=15,https://www.maktekfuari.com/en/brand/chiron-group-se
CHİRON İSTANBUL MAK. TİC.VE SERV.LTD.ŞTİ.,Türki̇ye,10,1014,,CHIRON Group SE,https://www.maktekfuari.com/en/exhibitor-list?page=15,https://www.maktekfuari.com/en/brand/chiron-istanbul-mak-ticve-servltdsti
"CHMER-CHING HUNG MACHINERY AMD ELECTRIC INDUSTRIAL CO., LTD",Tayvan,7,712,,,https://www.maktekfuari.com/en/exhibitor-list?page=15,https://www.maktekfuari.com/en/brand/chmer-ching-hung-machinery-amd-electric-industrial-co-ltd
"CHONGGING JIANGDONG MACHINERY CO., LTD",China,9,903B,hydraulic press,,https://www.maktekfuari.com/en/exhibitor-list?page=15,https://www.maktekfuari.com/en/brand/chongging-jiangdong-machinery-co-ltd
"CHONGQING YILUOMENG PRECISION MACHINERY CO., LTD.",China,12A,78A,,,https://www.maktekfuari.com/en/exhibitor-list?page=15,https://www.maktekfuari.com/en/brand/chongqing-yiluomeng-precision-machinery-co-ltd
CHUNGWEI GREAT,Tayvan,9,918,,,https://www.maktekfuari.com/en/exhibitor-list?page=15,https://www.maktekfuari.com/en/brand/chungwei-great
Cimatron,Germany,12,1203,,,https://www.maktekfuari.com/en/exhibitor-list?page=16,https://www.maktekfuari.com/en/brand/cimatron
Cincoze,Tayvan,6,602,,,https://www.maktekfuari.com/en/exhibitor-list?page=16,https://www.maktekfuari.com/en/brand/cincoze
CITIZEN MACHINERY CO LTD,Japan,7,705,,,https://www.maktekfuari.com/en/exhibitor-list?page=16,https://www.maktekfuari.com/en/brand/citizen-machinery-co-ltd
CLASS CNC MÜHENDİSLİK MAKİNA SAN.VE TİC.A.Ş.,Türki̇ye,12,1208A,"CMZ, US WHEELER, TORNOS, BELOTTI, GURUTZPE","Belotti, US WHEELER, GURUTZPE, STARVISION, TORNOS, CMZ",https://www.maktekfuari.com/en/exhibitor-list?page=16,https://www.maktekfuari.com/en/brand/class-cnc-muhendislik-makina-sanve-ticas
CMM,Italy,9,918,,,https://www.maktekfuari.com/en/exhibitor-list?page=16,https://www.maktekfuari.com/en/brand/cmm
CMS MAKİNE VE DANIŞMANLIK SAN VE TİC LTD ŞTİ,Türki̇ye,7,715,,"LEADYANG PRECISION TECHNOLOGY CO.LTD, YOU JI MACHINE IND.CO.LTD, FOOKE GMBH, AGMACHINE TECHNO CO.LTD, U QUEEN MACHINERY CO.LTD, SMART MACHINE TOOL",https://www.maktekfuari.com/en/exhibitor-list?page=16,https://www.maktekfuari.com/en/brand/cms-makine-ve-danismanlik-san-ve-tic-ltd-sti
CMZ,Spain,12,1208A,,,https://www.maktekfuari.com/en/exhibitor-list?page=16,https://www.maktekfuari.com/en/brand/cmz
CN CNC SİSTEM SAN. TİC. LTD. ŞTİ,Türki̇ye,12,1206,,,https://www.maktekfuari.com/en/exhibitor-list?page=16,https://www.maktekfuari.com/en/brand/cnc-sistem-san-tic-ltd-sti
CNC İLERİ TEKNOLOJİ VE TİC.A.Ş.,Türki̇ye,7,707A,,MAKINO,https://www.maktekfuari.com/en/exhibitor-list?page=16,https://www.maktekfuari.com/en/brand/cnc-ileri-teknoloji-ve-ticas
COORD3 Societa con Responsabilita\\ Limitata,Italy,8,803,,,https://www.maktekfuari.com/en/exhibitor-list?page=16,https://www.maktekfuari.com/en/brand/coord3-societa-con-responsabilita-limitata
CORİMPEX,Italy,11A,17,,,https://www.maktekfuari.com/en/exhibitor-list?page=16,https://www.maktekfuari.com/en/brand/corimpex
COSMOS,Hi̇ndi̇stan,5,517,,,https://www.maktekfuari.com/en/exhibitor-list?page=16,https://www.maktekfuari.com/en/brand/cosmos
CP GRAT-EX MFG. CO.,Hi̇ndi̇stan,11,1148A,,,https://www.maktekfuari.com/en/exhibitor-list?page=17,https://www.maktekfuari.com/en/brand/cp-grat-ex-mfg-co
CSB TEKNİK MAKİNA SAN. TİC. LTD. ŞTİ.,Türki̇ye,1,115,,,https://www.maktekfuari.com/en/exhibitor-list?page=17,https://www.maktekfuari.com/en/brand/csb-teknik-makina-san-tic-ltd-sti
CSM TURKEY MAKİNA SAN. İTH.İHR. DAN. TİC. LTD. ŞTİ.,Türki̇ye,6,614,,CHIAO SHENG MACHINERY CO LTD,https://www.maktekfuari.com/en/exhibitor-list?page=17,https://www.maktekfuari.com/en/brand/csm-turkey-makina-san-ithihr-dan-tic-ltd-sti
CTEK MAKİNA CNC TAKIM TEZGAHLARI SAN. VE TİC. LTD. ŞTİ.,Türki̇ye,11,1164A,,,https://www.maktekfuari.com/en/exhibitor-list?page=17,https://www.maktekfuari.com/en/brand/ctek-makina-cnc-takim-tezgahlari-san-ve-tic-ltd-sti
CTEK TECHNOLOGY CORPORATION,Tayvan,7,709,,,https://www.maktekfuari.com/en/exhibitor-list?page=17,https://www.maktekfuari.com/en/brand/ctek-technology-corporation
CUOGHI,Italy,11,1180,,,https://www.maktekfuari.com/en/exhibitor-list?page=17,https://www.maktekfuari.com/en/brand/cuoghi
D'ANDREA S.p.A.,Italy,11,1127,,,https://www.maktekfuari.com/en/exhibitor-list?page=17,https://www.maktekfuari.com/en/brand/dandrea-spa
"DA DAEJIN HYDRAULIC MACHINERY CO.,LTD.",Türki̇ye,6,608,,,https://www.maktekfuari.com/en/exhibitor-list?page=17,https://www.maktekfuari.com/en/brand/daejin-hydraulic-machinery-coltd
"DA DALIAN FULLTON MACHINERY CO., LTD",Türki̇ye,12A,69D,,,https://www.maktekfuari.com/en/exhibitor-list?page=17,https://www.maktekfuari.com/en/brand/dalian-fullton-machinery-co-ltd
Danatronıcs,United States,11,1121,,,https://www.maktekfuari.com/en/exhibitor-list?page=17,https://www.maktekfuari.com/en/brand/danatronics
DANOBAT,Spain,12,1210A,,,https://www.maktekfuari.com/en/exhibitor-list?page=17,https://www.maktekfuari.com/en/brand/danobat
"DANYANG HEGONG TOOLS CO., LTD.",China,12A,69C,Hegong,,https://www.maktekfuari.com/en/exhibitor-list?page=18,https://www.maktekfuari.com/en/brand/danyang-hegong-tools-co-ltd
DASSAULT SYSTEM,United States,12,1203,,,https://www.maktekfuari.com/en/exhibitor-list?page=18,https://www.maktekfuari.com/en/brand/dassault-system
DASSAULT SYSTEMES,France,12,1211A,,,https://www.maktekfuari.com/en/exhibitor-list?page=18,https://www.maktekfuari.com/en/brand/dassault-systemes
Dassault Systèmes SolidWorks Corporation,United States,12,1214,,,https://www.maktekfuari.com/en/exhibitor-list?page=18,https://www.maktekfuari.com/en/brand/dassault-systemes-solidworks-corporation
DAVİ,Italy,11A,17,,,https://www.maktekfuari.com/en/exhibitor-list?page=18,https://www.maktekfuari.com/en/brand/davi
DCB LAZER TEKNOLOJİLERİ SAN. TİC. LTD. ŞTİ.,Türki̇ye,12A,34,,,https://www.maktekfuari.com/en/exhibitor-list?page=18,https://www.maktekfuari.com/en/brand/dcb-lazer-teknolojileri-san-tic-ltd-sti
DEKUMA MAKİNE SAN. VE TİC. LTD. ŞTİ.,Türki̇ye,11A,10A,,,https://www.maktekfuari.com/en/exhibitor-list?page=18,https://www.maktekfuari.com/en/brand/dekuma-makine-san-ve-tic-ltd-sti
DELTA KALIP ELEMANLARI SAN. VE TİC.A.Ş.,Türki̇ye,11,1160,,ICAM,https://www.maktekfuari.com/en/exhibitor-list?page=18,https://www.maktekfuari.com/en/brand/delta-kalip-elemanlari-san-ve-ticas
DELTA S.R.I.,Italy,5,511,,,https://www.maktekfuari.com/en/exhibitor-list?page=18,https://www.maktekfuari.com/en/brand/delta-sri
DELTA Srl,Italy,9,904F,,,https://www.maktekfuari.com/en/exhibitor-list?page=18,https://www.maktekfuari.com/en/brand/delta-srl
DEMETAL KALIP VE MAK. SAN. TİC. A.Ş.,Türki̇ye,12A,11,,,https://www.maktekfuari.com/en/exhibitor-list?page=18,https://www.maktekfuari.com/en/brand/demetal-kalip-ve-mak-san-tic-as
DEMİRAL MAKİNE İNŞ. VE PAZ. SAN. TİC. A.Ş.,Türki̇ye,11,1123,"BIG DAISHOWA, JJ TOOLS, UNION TOOL, ACHTECK, IWATA TOOL","BIG DAISHOWA Co.,Ltd., UNION TOOL Europe S.A., GANZHOU ACHTECK TOOL TECHNOLOGY CO.,LTD., IWATA TOOL Co.,Ltd., JJ TOOLS Co.,Ltd.",https://www.maktekfuari.com/en/exhibitor-list?page=18,https://www.maktekfuari.com/en/brand/demiral-makine-ins-ve-paz-san-tic-as
DENER MAK. SAN VE TİC AŞ,Türki̇ye,3,318,,,https://www.maktekfuari.com/en/exhibitor-list?page=19,https://www.maktekfuari.com/en/brand/dener-mak-san-ve-tic-as
DESİTA YAZILIM MÜHENDİSLİK TURİZM İNŞ. SAN. TİC. LTD. ŞTİ.,Türki̇ye,12,1214,,"SolidCAM GmbH, Dassault Systèmes SolidWorks Corporation",https://www.maktekfuari.com/en/exhibitor-list?page=19,https://www.maktekfuari.com/en/brand/desita-yazilim-muhendislik-turizm-ins-san-tic-ltd-sti
Detector France,France,9,907,,,https://www.maktekfuari.com/en/exhibitor-list?page=19,https://www.maktekfuari.com/en/brand/detector-france
"DEX / TE-SHIN Precision Technology CO., LTD",Tayvan,8,803,,,https://www.maktekfuari.com/en/exhibitor-list?page=19,https://www.maktekfuari.com/en/brand/dex-te-shin-precision-technology-co-ltd
DEZHOU GUANLU PRECISION MACHINERY CO. LTD.,China,12A,61A,,,https://www.maktekfuari.com/en/exhibitor-list?page=19,https://www.maktekfuari.com/en/brand/dezhou-guanlu-precision-machinery-co-ltd
"DEZHOU GUOCHANG MACHINERY CO., LTD.",China,9,902D,,,https://www.maktekfuari.com/en/exhibitor-list?page=19,https://www.maktekfuari.com/en/brand/dezhou-guochang-machinery-co-ltd
"DEZHOU SENSAIER MACHINE TOOLS CO.,LTD.",China,9,902E,SENSAIER TOOLS,,https://www.maktekfuari.com/en/exhibitor-list?page=19,https://www.maktekfuari.com/en/brand/dezhou-sensaier-machine-tools-coltd
Di.Gi.Emme S.R.L.,Italy,2,217,,,https://www.maktekfuari.com/en/exhibitor-list?page=19,https://www.maktekfuari.com/en/brand/digiemme-srl
Diatool Präzisionswerkzeug GmbH,Germany,12A,12,,,https://www.maktekfuari.com/en/exhibitor-list?page=19,https://www.maktekfuari.com/en/brand/diatool-prazisionswerkzeug-gmbh
"DIJET INDUSTRIAL CO., LTD",Japan,12A,25,,,https://www.maktekfuari.com/en/exhibitor-list?page=19,https://www.maktekfuari.com/en/brand/dijet-industrial-co-ltd
DIMECO,France,1,108,,,https://www.maktekfuari.com/en/exhibitor-list?page=19,https://www.maktekfuari.com/en/brand/dimeco
DİGİTAL SOLUTİONS YAZILIM TİC. LTD. ŞTİ.,Türki̇ye,12A,57B,,,https://www.maktekfuari.com/en/exhibitor-list?page=19,https://www.maktekfuari.com/en/brand/digital-solutions-yazilim-tic-ltd-sti
DİRİNLER MAKİNA SAN.VE TİCARET A.Ş.,Türki̇ye,8,809,,,https://www.maktekfuari.com/en/exhibitor-list?page=20,https://www.maktekfuari.com/en/brand/dirinler-makina-sanve-ticaret-as
DMS CNC MAKİNA SAN VE TİC LTD ŞTİ,Türki̇ye,8,808,"HARTFORD, SHINZAWA, HANKOOK","SHE HONG INDUSTRIAL CO. LTD, SHINZAWA, HANKOOK MACHINE TOOLS",https://www.maktekfuari.com/en/exhibitor-list?page=20,https://www.maktekfuari.com/en/brand/dms-cnc-makina-san-ve-tic-ltd-sti
DN SOLUTIONS,South Korea,8,801/807,,,https://www.maktekfuari.com/en/exhibitor-list?page=20,https://www.maktekfuari.com/en/brand/dn-solutions
DNE LASER,China,11A,35,,,https://www.maktekfuari.com/en/exhibitor-list?page=20,https://www.maktekfuari.com/en/brand/dne-laser
DO DONGGUAN DOHRE TOOL CO. LTD.,Türki̇ye,9,900C,,,https://www.maktekfuari.com/en/exhibitor-list?page=20,https://www.maktekfuari.com/en/brand/dongguan-dohre-tool-co-ltd
Donaldson,Belgium,11A,05,,,https://www.maktekfuari.com/en/exhibitor-list?page=20,https://www.maktekfuari.com/en/brand/donaldson
DONGGUAN BAOKE PRECISION MACHINERY CO LTD.,China,12,1234,,,https://www.maktekfuari.com/en/exhibitor-list?page=20,https://www.maktekfuari.com/en/brand/dongguan-baoke-precision-machinery-co-ltd
DONGGUAN CITY TERMA ELECTRONICS CO.LTD,China,12A,19 Hall: 12A Booth: 55,,,https://www.maktekfuari.com/en/exhibitor-list?page=20,https://www.maktekfuari.com/en/brand/dongguan-city-terma-electronics-coltd
"DONGGUAN FUDAO GENERAL MACHINERY CO.,LTD.",China,12A,77B,"DONGGUAN FUDAO GENERAL MACHINERY CO., LTD.",,https://www.maktekfuari.com/en/exhibitor-list?page=20,https://www.maktekfuari.com/en/brand/dongguan-fudao-general-machinery-coltd
"DONGGUAN KURATA HARDWARE MACKINERY CO.,LTD",China,9,902F,,,https://www.maktekfuari.com/en/exhibitor-list?page=20,https://www.maktekfuari.com/en/brand/dongguan-kurata-hardware-mackinery-coltd
DORA CNC SAN. VE TİC. LTD. ŞTİ.,Türki̇ye,12A,45,,,https://www.maktekfuari.com/en/exhibitor-list?page=20,https://www.maktekfuari.com/en/brand/dora-cnc-san-ve-tic-ltd-sti
Dorfner Schleifmittelwerk GmbH,Germany,11,1111,,,https://www.maktekfuari.com/en/exhibitor-list?page=20,https://www.maktekfuari.com/en/brand/dorfner-schleifmittelwerk-gmbh
DORMATEC BV,Netherlands,6,610,,,https://www.maktekfuari.com/en/exhibitor-list?page=21,https://www.maktekfuari.com/en/brand/dormatec-bv
DORMER PRAMET,Czech Republic,12A,23A,,,https://www.maktekfuari.com/en/exhibitor-list?page=21,https://www.maktekfuari.com/en/brand/dormer-pramet
DOWELL - TONG YI MACHINERY INC.,Tayvan,8,812,,,https://www.maktekfuari.com/en/exhibitor-list?page=21,https://www.maktekfuari.com/en/brand/dowell-tong-yi-machinery-inc
DOWELL MACHINERY (TONGYI MACHINERY),Tayvan,4,403,,,https://www.maktekfuari.com/en/exhibitor-list?page=21,https://www.maktekfuari.com/en/brand/dowell-machinery-tongyi-machinery
DR ELEKTRİK MAK.MÜH.OTOM.İNŞ.SAN.VE TİC.LTD.ŞTİ.,Türki̇ye,9,919,DR CNC,,https://www.maktekfuari.com/en/exhibitor-list?page=21,https://www.maktekfuari.com/en/brand/dr-elektrik-makmuhotominssanve-ticltdsti
DTR,South Korea,11,1111,,,https://www.maktekfuari.com/en/exhibitor-list?page=21,https://www.maktekfuari.com/en/brand/dtr
DURMAZLAR MAKİNA SAN. VE TİC. A. Ş.,Türki̇ye,3,304,,,https://www.maktekfuari.com/en/exhibitor-list?page=21,https://www.maktekfuari.com/en/brand/durmazlar-makina-san-ve-tic-a-s
DURO MAKİNA KALIP SAN VE TİC LTD ŞTİ,Türki̇ye,1,112,DURO,EUROSTAMP SRL,https://www.maktekfuari.com/en/exhibitor-list?page=21,https://www.maktekfuari.com/en/brand/duro-makina-kalip-san-ve-tic-ltd-sti
DYNAMIC MACHINE,United States,10,1001,,,https://www.maktekfuari.com/en/exhibitor-list?page=21,https://www.maktekfuari.com/en/brand/dynamic-machine
DÜNYA MEDYA BAS. YAY. REK. TAN. HİZ. İLKER KAPLAN,Türki̇ye,SalonNo,StandNo,World Media Group,,https://www.maktekfuari.com/en/exhibitor-list?page=21,https://www.maktekfuari.com/en/brand/dunya-medya-bas-yay-rek-tan-hiz-ilker-kaplan
E-TECH Machinery Inc,Tayvan,5,503 B,,,https://www.maktekfuari.com/en/exhibitor-list?page=21,https://www.maktekfuari.com/en/brand/e-tech-machinery-inc
EA GLOBAL LAZER TEKNOLOJİ MAKİNE SAN. VE TİC. LTD. ŞTİ.,Türki̇ye,12A,49B,EA GLOBAL,"Shanghai BOCHU Trading Co., Ltd., GVB GmbH - Solutions in Glass, HG WUHAN HUAGONG INTERNATIONAL DEVOLEPMENT CO. LTD.",https://www.maktekfuari.com/en/exhibitor-list?page=21,https://www.maktekfuari.com/en/brand/ea-global-lazer-teknoloji-makine-san-ve-tic-ltd-sti
EAE MAKİNA SAN. VE TİC. A.Ş.,Türki̇ye,1,104A,eae machinery,,https://www.maktekfuari.com/en/exhibitor-list?page=22,https://www.maktekfuari.com/en/brand/eae-makina-san-ve-tic-as
ECOCA INDUSTRY (FAIR FRIEND GROUP),Tayvan,4,403,,,https://www.maktekfuari.com/en/exhibitor-list?page=22,https://www.maktekfuari.com/en/brand/ecoca-industry-fair-friend-group
EDM TEKNİK MAKİNE SAN. VE TİC. LTD. ŞTİ.,Türki̇ye,5,512,,"AccuteX Technologies Co.,Ltd",https://www.maktekfuari.com/en/exhibitor-list?page=22,https://www.maktekfuari.com/en/brand/edm-teknik-makine-san-ve-tic-ltd-sti
EFEMET KESİCİ TAKIMLAR SAN.TİC.LTD.ŞTİ.,Türki̇ye,11,1174A,,"Inovatools Eckerle & Ertel GmbH, FABRYKA NARZEDZI FANAR S.A., Paul Dümmel Werkzeugfabrik GmbH, Tocho Marking Systems, Inc, Blue Photon Technology & Workholding Systems LLC",https://www.maktekfuari.com/en/exhibitor-list?page=22,https://www.maktekfuari.com/en/brand/efemet-kesici-takimlar-santicltdsti
Effecto Group S.p.A.,Italy,12A,18A,,,https://www.maktekfuari.com/en/exhibitor-list?page=22,https://www.maktekfuari.com/en/brand/effecto-group-spa
EGE TEKNİK CNC MAK. İTH. İHR. TİC. SAN. LTD. ŞTİ.,Türki̇ye,12,1225,PROSEIKI,,https://www.maktekfuari.com/en/exhibitor-list?page=22,https://www.maktekfuari.com/en/brand/ege-teknik-cnc-mak-ith-ihr-tic-san-ltd-sti
EHRT,Germany,3,317A,,,https://www.maktekfuari.com/en/exhibitor-list?page=22,https://www.maktekfuari.com/en/brand/ehrt
EKSEN TAKIM TEZGAHLARI VE MAK. SAN. TİC. LTD. ŞTİ.,Türki̇ye,11A,38,,,https://www.maktekfuari.com/en/exhibitor-list?page=22,https://www.maktekfuari.com/en/brand/eksen-takim-tezgahlari-ve-mak-san-tic-ltd-sti
ELAR ELEKTRONİK MAKİNA VE KAUÇUK SAN. TİC. LTD. STI.,Türki̇ye,5,500 Hall: 5 Booth: 503A,ELAR EXCELLENT,,https://www.maktekfuari.com/en/exhibitor-list?page=22,https://www.maktekfuari.com/en/brand/elar-elektronik-makina-ve-kaucuk-san-tic-ltd-sti
ELASO AG,Switzerland,12,1210A,,,https://www.maktekfuari.com/en/exhibitor-list?page=22,https://www.maktekfuari.com/en/brand/elaso-ag
Elbo Controlli Nikken,Italy,11,1117,,,https://www.maktekfuari.com/en/exhibitor-list?page=22,https://www.maktekfuari.com/en/brand/elbo-controlli-nikken
ELMAKSAN CNC MAKINA TAKIM TEZGAHLARI SANAYI VE TICARET LIMITED SIRKETI,Türki̇ye,12,1232,,,https://www.maktekfuari.com/en/exhibitor-list?page=22,https://www.maktekfuari.com/en/brand/elmaksan-cnc-makina-takim-tezgahlari-sanayi-ve-ticaret-limited-sirketi
ELMALI MAKİNA SANAYİ VE TİCARET LTD. ŞTİ.,Türki̇ye,2,202,,,https://www.maktekfuari.com/en/exhibitor-list?page=23,https://www.maktekfuari.com/en/brand/elmali-makina-sanayi-ve-ticaret-ltd-sti
ELMAS MAKİNE KESİCİ TAK SAN TİC LTD ŞTİ.,Türki̇ye,11,1180,Cardiff,"Sinter Sud, AFC Hartmetall, CUOGHI, Schaublin SA, Chia Lern CO. LTD, Weyu Machinery Co., Ltd, Saint Gobain Abrasives GmbH, Hyperion Materials & Technology",https://www.maktekfuari.com/en/exhibitor-list?page=23,https://www.maktekfuari.com/en/brand/elmas-makine-kesici-tak-san-tic-ltd-sti
EMAG SALACH GMBH MERKEZİ ALMANYA İST. MERK.ŞUBESİ,Türki̇ye,5,507,,,https://www.maktekfuari.com/en/exhibitor-list?page=23,https://www.maktekfuari.com/en/brand/emag-salach-gmbh-merkezi-almanya-ist-merksubesi
Enar Makina & Metal San ve Tic.Ltd.Şti,Türki̇ye,6,632,,,https://www.maktekfuari.com/en/exhibitor-list?page=23,https://www.maktekfuari.com/en/brand/enar-makina-metal-san-ve-ticltdsti
ENCY Software LTD G.kibris,,12A,22B,,,https://www.maktekfuari.com/en/exhibitor-list?page=23,https://www.maktekfuari.com/en/brand/ency-software-ltd
ENCY YAZILIM LTD. ŞTİ,Türki̇ye,12A,22B,,ENCY Software LTD,https://www.maktekfuari.com/en/exhibitor-list?page=23,https://www.maktekfuari.com/en/brand/ency-yazilim-ltd-sti
ENİGMA HIZLI BAĞLANTI SİS. SAN. TİC. LTD. ŞTİ.,Türki̇ye,11,1142,ENİGMA CLAMP,,https://www.maktekfuari.com/en/exhibitor-list?page=23,https://www.maktekfuari.com/en/brand/enigma-hizli-baglanti-sis-san-tic-ltd-sti
ENKAR İNŞ. TAAH. VE TİC. LTD. ŞTİ.,Türki̇ye,6,610,,"ETL FLUID EXPERTS LTD (CARDEV), DORMATEC BV",https://www.maktekfuari.com/en/exhibitor-list?page=23,https://www.maktekfuari.com/en/brand/enkar-ins-taah-ve-tic-ltd-sti
ENOX MAKİNA SAN .TİC.AŞ.,Türki̇ye,12,1237,VOLLZER AND KLEMENS,,https://www.maktekfuari.com/en/exhibitor-list?page=23,https://www.maktekfuari.com/en/brand/enox-makina-san-ticas
EPSİLON CNC MAKİNA SAN. VE TİC. A.Ş.,Türki̇ye,12,1229,,"L.KELLENBERGER & Co. AG, FUJI CNC TORNA TEZGAHLARI",https://www.maktekfuari.com/en/exhibitor-list?page=23,https://www.maktekfuari.com/en/brand/epsilon-cnc-makina-san-ve-tic-as
ER-EL MAKİNA YEDEK PARÇA İML SAN TİC LTD ŞTİ,Türki̇ye,11,1150,MİKSAN,"Zero Clamp GmbH, HVR MAGNETİCS, IMAO CLAMP",https://www.maktekfuari.com/en/exhibitor-list?page=23,https://www.maktekfuari.com/en/brand/er-el-makina-yedek-parca-iml-san-tic-ltd-sti
ER-HA MÜHENDİSLİK MAK.SAN. İML. VE TİC.LTD. ŞTİ.,Türki̇ye,6,615,PM MANIPULATORS,,https://www.maktekfuari.com/en/exhibitor-list?page=23,https://www.maktekfuari.com/en/brand/er-ha-muhendislik-maksan-iml-ve-ticltd-sti
ERBEND MAKİNA SANAYİ VE TİCARET A. Ş.,Türki̇ye,3,315A,,,https://www.maktekfuari.com/en/exhibitor-list?page=24,https://www.maktekfuari.com/en/brand/erbend-makina-sanayi-ve-ticaret-a-s
ERBİLEKLER METAL İŞLEME ÜRÜNLERİ SAN. TİC. A.Ş.,Türki̇ye,11,1101A,Euroloy Carbide Tools,Euroloy Carbide Tools,https://www.maktekfuari.com/en/exhibitor-list?page=24,https://www.maktekfuari.com/en/brand/erbilekler-metal-isleme-urunleri-san-tic-as
ERDAL ÖZKAN MAKİNA MÜH. GIDA İNŞ. İM. İHR. İTH. A.Ş.,Türki̇ye,12A,31,ERDCRANE,,https://www.maktekfuari.com/en/exhibitor-list?page=24,https://www.maktekfuari.com/en/brand/erdal-ozkan-makina-muh-gida-ins-im-ihr-ith-as
ERDE DIŞ TİCARET LTD ŞTİ,Türki̇ye,11,1129,,"SAET S.p.a., AZ spa, Melchiorre S.r.l., PLATIT AG, Stöckel Werkzeugmaschinen GmbH, Loroch GmbH, Special Machine Tools S.r.l, Gustav Göckel Maschinenfabrik GmbH, TAV VACUUM FURNACES SPA, TRANSOR Filter GmbH, GFS Gravity Srl, Test Industry S.r.l. - Bimal Brand, CDT - Coborn Diamond Technology, Oberlin Filter Company, WIPRO PARI INDIA LIMITED, FICEP S.P.A.",https://www.maktekfuari.com/en/exhibitor-list?page=24,https://www.maktekfuari.com/en/brand/erde-dis-ticaret-ltd-sti
Erde Dış Ticaret Ltd. Şti.,Türki̇ye,11,1101C,,,https://www.maktekfuari.com/en/exhibitor-list?page=24,https://www.maktekfuari.com/en/brand/erde-dis-ticaret-ltd-sti-1
ERFAB İÇ VE DIŞ TİCARET A. Ş.,Türki̇ye,11A,17,,"FİCEP, DAVİ, VLB GROUP, CORİMPEX, OMAX, R.W.T, OMCA, MAGBAT, AFLB TAURING",https://www.maktekfuari.com/en/exhibitor-list?page=24,https://www.maktekfuari.com/en/brand/erfab-ic-ve-dis-ticaret-a-s
ERHAN TEKNİK HIRDAVAT SAN. TİC. LTD ŞTİ,Türki̇ye,11,1163,watano,BISON BİAL S.A,https://www.maktekfuari.com/en/exhibitor-list?page=24,https://www.maktekfuari.com/en/brand/erhan-teknik-hirdavat-san-tic-ltd-sti
ERİŞ MAKİNA SANAYİ VE TİCARET A.Ş.,Türki̇ye,12,1210B,ERİS,,https://www.maktekfuari.com/en/exhibitor-list?page=24,https://www.maktekfuari.com/en/brand/eris-makina-sanayi-ve-ticaret-as
ERİŞ OTOMASYON MAK.SAN.TİC.LTD.ŞTİ.,Türki̇ye,6,607,,,https://www.maktekfuari.com/en/exhibitor-list?page=24,https://www.maktekfuari.com/en/brand/eris-otomasyon-maksanticltdsti
ERKAN CNC TEKNOLOJİLERİ A.Ş.,Türki̇ye,7,713,"TTAPEC, Gentiger, Biglia, Leadwell",,https://www.maktekfuari.com/en/exhibitor-list?page=24,https://www.maktekfuari.com/en/brand/erkan-cnc-teknolojileri-as
ERKUR MAKİNE İMALAT PLASTİK İÇ VE DIŞ TİC. LTD. ŞTİ.,Türki̇ye,12A,50A,,,https://www.maktekfuari.com/en/exhibitor-list?page=24,https://www.maktekfuari.com/en/brand/erkur-makine-imalat-plastik-ic-ve-dis-tic-ltd-sti
ERMAKSAN MAKİNA SAN . VE TİC. A. Ş.,Türki̇ye,3,315B,Ermaksan Makine,,https://www.maktekfuari.com/en/exhibitor-list?page=24,https://www.maktekfuari.com/en/brand/ermaksan-makina-san-ve-tic-a-s
EROGLU Präzisionswerkzeuge GmbH,Germany,11,1128,,,https://www.maktekfuari.com/en/exhibitor-list?page=25,https://www.maktekfuari.com/en/brand/eroglu-prazisionswerkzeuge-gmbh
EROĞLU MAKİNA SAN. TİC. A. Ş. HASSAS TUTUCU TAKIM FABRİKASI,Türki̇ye,11,1128,EROĞLU MAKİNA SAN. TİC. A.Ş,EROGLU Präzisionswerkzeuge GmbH,https://www.maktekfuari.com/en/exhibitor-list?page=25,https://www.maktekfuari.com/en/brand/eroglu-makina-san-tic-a-s-hassas-tutucu-takim-fabrikasi
Erwin Halder,Germany,11,1156,,,https://www.maktekfuari.com/en/exhibitor-list?page=25,https://www.maktekfuari.com/en/brand/erwin-halder
Erwin Junker Maschinenfabrik GmbH,Germany,5,503 B,,,https://www.maktekfuari.com/en/exhibitor-list?page=25,https://www.maktekfuari.com/en/brand/erwin-junker-maschinenfabrik-gmbh
ESA Eppinger GmbH,Germany,11,1156,,,https://www.maktekfuari.com/en/exhibitor-list?page=25,https://www.maktekfuari.com/en/brand/esa-eppinger-gmbh
ESAB CUTTING SYSTEMS,Germany,9,918,,,https://www.maktekfuari.com/en/exhibitor-list?page=25,https://www.maktekfuari.com/en/brand/esab-cutting-systems
ESCO S.A.,Switzerland,6,632,escomatic,Enar Makina & Metal San ve Tic.Ltd.Şti,https://www.maktekfuari.com/en/exhibitor-list?page=25,https://www.maktekfuari.com/en/brand/esco-sa
ETİ BİLGİSAYAR DAN.VE DIŞ TİCARET LTD.ŞTİ.,Türki̇ye,12A,05,ZWSOFT,ZWSOFT,https://www.maktekfuari.com/en/exhibitor-list?page=25,https://www.maktekfuari.com/en/brand/eti-bilgisayar-danve-dis-ticaret-ltdsti
ETL FLUID EXPERTS LTD (CARDEV),İngi̇ltere,6,610,,,https://www.maktekfuari.com/en/exhibitor-list?page=25,https://www.maktekfuari.com/en/brand/etl-fluid-experts-ltd-cardev
EUMACH Company Limited,Tayvan,7,709,,,https://www.maktekfuari.com/en/exhibitor-list?page=25,https://www.maktekfuari.com/en/brand/eumach-company-limited
Euroloy Carbide Tools,Italy,11,1101A,,,https://www.maktekfuari.com/en/exhibitor-list?page=25,https://www.maktekfuari.com/en/brand/euroloy-carbide-tools
EUROSERVO MOTOR TAMİR HİZMETLERİ SAN VE TİC. A.Ş.,Türki̇ye,6,603,,,https://www.maktekfuari.com/en/exhibitor-list?page=25,https://www.maktekfuari.com/en/brand/euroservo-motor-tamir-hizmetleri-san-ve-tic-as
EUROSTAMP SRL,Italy,1,112,,,https://www.maktekfuari.com/en/exhibitor-list?page=26,https://www.maktekfuari.com/en/brand/eurostamp-srl
EXACT,Tayvan,9,906,,,https://www.maktekfuari.com/en/exhibitor-list?page=26,https://www.maktekfuari.com/en/brand/exact
"Exact Machinery Co., Ltd.",Tayvan,8,810,,,https://www.maktekfuari.com/en/exhibitor-list?page=26,https://www.maktekfuari.com/en/brand/exact-machinery-co-ltd
Exomist,Italy,6,620,,,https://www.maktekfuari.com/en/exhibitor-list?page=26,https://www.maktekfuari.com/en/brand/exomist
EYM İNOVASYON MAKİNA SAN. TİC. LTD. ŞTİ.,Türki̇ye,12A,02,,,https://www.maktekfuari.com/en/exhibitor-list?page=26,https://www.maktekfuari.com/en/brand/eym-inovasyon-makina-san-tic-ltd-sti
FA FAST MAKİNA VE OTOMASYON SİSTEMLERİ SAN. TİC. LTD. ŞTİ.,Türki̇ye,11A,45,,,https://www.maktekfuari.com/en/exhibitor-list?page=26,https://www.maktekfuari.com/en/brand/fast-makina-ve-otomasyon-sistemleri-san-tic-ltd-sti
FABRYKA NARZEDZI FANAR S.A.,Poland,11,1174A,,,https://www.maktekfuari.com/en/exhibitor-list?page=26,https://www.maktekfuari.com/en/brand/fabryka-narzedzi-fanar-sa
FACCIN,Italy,9,918,,,https://www.maktekfuari.com/en/exhibitor-list?page=26,https://www.maktekfuari.com/en/brand/faccin
FAIR FRIEND ENT.CO.LTD MACHINE TOOL DIVISION,Tayvan,7,714,,,https://www.maktekfuari.com/en/exhibitor-list?page=26,https://www.maktekfuari.com/en/brand/fair-friend-entcoltd-machine-tool-division
Falcon Machine Tools Co. LTD,Tayvan,5,503 B,,,https://www.maktekfuari.com/en/exhibitor-list?page=26,https://www.maktekfuari.com/en/brand/falcon-machine-tools-co-ltd
FAR EAST MACHINERY (FEMCO),Tayvan,7,709,,,https://www.maktekfuari.com/en/exhibitor-list?page=26,https://www.maktekfuari.com/en/brand/far-east-machinery-femco
Farsoon Technologies,China,9,905A,,,https://www.maktekfuari.com/en/exhibitor-list?page=26,https://www.maktekfuari.com/en/brand/farsoon-technologies
FAT by HACO,Poland,9,918,,,https://www.maktekfuari.com/en/exhibitor-list?page=27,https://www.maktekfuari.com/en/brand/fat-by-haco
FEHLMANN AG MASCHINENFABRIK,Switzerland,9,904F,,,https://www.maktekfuari.com/en/exhibitor-list?page=27,https://www.maktekfuari.com/en/brand/fehlmann-ag-maschinenfabrik
FERMAT CZ. S.R.O,Czech Republic,7,709,,,https://www.maktekfuari.com/en/exhibitor-list?page=27,https://www.maktekfuari.com/en/brand/fermat-cz-sro
FFG DMC,South Korea,7,701 Hall: 7 Booth: 703,,,https://www.maktekfuari.com/en/exhibitor-list?page=27,https://www.maktekfuari.com/en/brand/ffg-dmc
FICEP S.P.A.,Italy,11,1129,,,https://www.maktekfuari.com/en/exhibitor-list?page=27,https://www.maktekfuari.com/en/brand/ficep-spa
Fidia S.p.A.,Italy,5,508,,,https://www.maktekfuari.com/en/exhibitor-list?page=27,https://www.maktekfuari.com/en/brand/fidia-spa
FILTERMIST,İngi̇ltere,11A,05,,,https://www.maktekfuari.com/en/exhibitor-list?page=27,https://www.maktekfuari.com/en/brand/filtermist
FIRAT SERT METAL TEKNİK HIRDAVAT SAN. VE TİC. LTD. ŞTİ.,Türki̇ye,12A,23A,"FRAYZA, BOO YOUNG, DORMER PRAMET, AKKO","BOO YOUNG TOOL, DORMER PRAMET",https://www.maktekfuari.com/en/exhibitor-list?page=27,https://www.maktekfuari.com/en/brand/firat-sert-metal-teknik-hirdavat-san-ve-tic-ltd-sti
FİCEP,Italy,11A,17,,,https://www.maktekfuari.com/en/exhibitor-list?page=27,https://www.maktekfuari.com/en/brand/ficep
FLİO OTOMASYON MAKİNA SAN.TİC.LTD.ŞTİ.,Türki̇ye,11A,48,,,https://www.maktekfuari.com/en/exhibitor-list?page=27,https://www.maktekfuari.com/en/brand/flio-otomasyon-makina-santicltdsti
FLY METAL SAN.TİC.LTD.ŞTİ,Türki̇ye,11A,32,,,https://www.maktekfuari.com/en/exhibitor-list?page=27,https://www.maktekfuari.com/en/brand/fly-metal-santicltdsti
FMB MASCHINENBAUGESELLSCHAFT GMBH UND CO.KG,Germany,9,903C,,,https://www.maktekfuari.com/en/exhibitor-list?page=27,https://www.maktekfuari.com/en/brand/fmb-maschinenbaugesellschaft-gmbh-und-cokg
Foerster,Germany,11,1121,,,https://www.maktekfuari.com/en/exhibitor-list?page=28,https://www.maktekfuari.com/en/brand/foerster
FOOKE GMBH,Germany,7,715,,,https://www.maktekfuari.com/en/exhibitor-list?page=28,https://www.maktekfuari.com/en/brand/fooke-gmbh
FORBA MAKİNA SAN. TİC. LTD. ŞTİ.,Türki̇ye,1,117,,,https://www.maktekfuari.com/en/exhibitor-list?page=28,https://www.maktekfuari.com/en/brand/forba-makina-san-tic-ltd-sti
"FORCE ONE MACHINERY CO., LTD.",Tayvan,7,712,,,https://www.maktekfuari.com/en/exhibitor-list?page=28,https://www.maktekfuari.com/en/brand/force-one-machinery-co-ltd
FORM MAKİNE CNC TAKIM TEZG SAN VE TİC LTD ŞTİ,Türki̇ye,7,704,,YAMAZAKİ MAZAK CO,https://www.maktekfuari.com/en/exhibitor-list?page=28,https://www.maktekfuari.com/en/brand/form-makine-cnc-takim-tezg-san-ve-tic-ltd-sti
FORM TEKNİK HIRD.SAN. VE TİC.LTD.ŞTİ.,Türki̇ye,11,1178,"POKOLM, MST","MST Corporation, Pokolm Frästechnik GmbH & Co. KG, HANSONG M&T Co., Ltd.",https://www.maktekfuari.com/en/exhibitor-list?page=28,https://www.maktekfuari.com/en/brand/form-teknik-hirdsan-ve-ticltdsti
FORWELL,Tayvan,1,108,,,https://www.maktekfuari.com/en/exhibitor-list?page=28,https://www.maktekfuari.com/en/brand/forwell
FOSHAN HUIBAISHENG LASER TECHNOLOGY CO. LTD.,China,11A,32A,BAISONLASER,"FOSHAN HUIBAISHENG LASER TECHNOLOGY CO., LTD",https://www.maktekfuari.com/en/exhibitor-list?page=28,https://www.maktekfuari.com/en/brand/foshan-huibaisheng-laser-technology-co-ltd
"FOSHAN HUIBAISHENG LASER TECHNOLOGY CO., LTD",China,11A,32A,,,https://www.maktekfuari.com/en/exhibitor-list?page=28,https://www.maktekfuari.com/en/brand/foshan-huibaisheng-laser-technology-co-ltd-1
FRATELLİ VERGNANO S.R.L.,Italy,11,1158,,,https://www.maktekfuari.com/en/exhibitor-list?page=28,https://www.maktekfuari.com/en/brand/fratelli-vergnano-srl
FUJI CNC TORNA TEZGAHLARI,Japan,12,1229,,,https://www.maktekfuari.com/en/exhibitor-list?page=28,https://www.maktekfuari.com/en/brand/fuji-cnc-torna-tezgahlari
"GANZHOU ACHTECK TOOL TECHNOLOGY CO.,LTD.",China,11,1123,,,https://www.maktekfuari.com/en/exhibitor-list?page=28,https://www.maktekfuari.com/en/brand/ganzhou-achteck-tool-technology-coltd
GAOYOU YONGFA MACHINERY CO. LTD.,China,12A,60D,YONGFA,,https://www.maktekfuari.com/en/exhibitor-list?page=29,https://www.maktekfuari.com/en/brand/gaoyou-yongfa-machinery-co-ltd
GDS MAKİNA TUTUCU SİSTEMLERİ SAN. VE TİC. LTD. ŞTİ.,Türki̇ye,11,1167B,,GDS Präzisionszerspanungs GmbH,https://www.maktekfuari.com/en/exhibitor-list?page=29,https://www.maktekfuari.com/en/brand/gds-makina-tutucu-sistemleri-san-ve-tic-ltd-sti
GDS Präzisionszerspanungs GmbH,Germany,11,1167B,,,https://www.maktekfuari.com/en/exhibitor-list?page=29,https://www.maktekfuari.com/en/brand/gds-prazisionszerspanungs-gmbh
GEBRÜDER EBERHARD GMBH & CO.KG,Germany,11,1158,,,https://www.maktekfuari.com/en/exhibitor-list?page=29,https://www.maktekfuari.com/en/brand/gebruder-eberhard-gmbh-cokg
GELİŞİM ELEKTROMEKANİK LTD. ŞTİ.,Türki̇ye,2,207,,,https://www.maktekfuari.com/en/exhibitor-list?page=29,https://www.maktekfuari.com/en/brand/gelisim-elektromekanik-ltd-sti
GEM WELDING,Italy,2,210,,,https://www.maktekfuari.com/en/exhibitor-list?page=29,https://www.maktekfuari.com/en/brand/gem-welding
GENCO TEKNİK MAKİNA TİC. LTD. ŞTİ.,Türki̇ye,11,1144,,,https://www.maktekfuari.com/en/exhibitor-list?page=29,https://www.maktekfuari.com/en/brand/genco-teknik-makina-tic-ltd-sti
GENESİS KALIP APARAT MÜHENDİSLİK SAN. VE TİC. LTD.ŞTİ.,Türki̇ye,12A,58D,GNS Kalıp Standartları,,https://www.maktekfuari.com/en/exhibitor-list?page=29,https://www.maktekfuari.com/en/brand/genesis-kalip-aparat-muhendislik-san-ve-tic-ltdsti
"GENTEC ELECTRO-OPTİCS, İNC",Canada,12A,50E,,,https://www.maktekfuari.com/en/exhibitor-list?page=29,https://www.maktekfuari.com/en/brand/gentec-electro-optics-inc
"GEOMOK CO., LTD.",Türki̇ye,6,608,GEOMOK,,https://www.maktekfuari.com/en/exhibitor-list?page=29,https://www.maktekfuari.com/en/brand/geomok-co-ltd
GERARDİ,Italy,11,1138,,,https://www.maktekfuari.com/en/exhibitor-list?page=29,https://www.maktekfuari.com/en/brand/gerardi
GERARDİ SPA,Italy,11,1148A,,,https://www.maktekfuari.com/en/exhibitor-list?page=29,https://www.maktekfuari.com/en/brand/gerardi-spa
GERMAK MAKİNA SANAYİ TİCARET LİMİTED ŞİRKETİ,Türki̇ye,1,109,GERMAK MAKİNA SANAYİ TİCARET LİMİTED ŞİRKETİ,,https://www.maktekfuari.com/en/exhibitor-list?page=30,https://www.maktekfuari.com/en/brand/germak-makina-sanayi-ticaret-limited-sirketi
GESKO CNC TAKIM TEZGAHLARI SANAYI VE TICARET LIMITED SIRKETI,Türki̇ye,12,1235,GONGTİE,GONGTIE,https://www.maktekfuari.com/en/exhibitor-list?page=30,https://www.maktekfuari.com/en/brand/gesko-cnc-takim-tezgahlari-sanayi-ve-ticaret-limited-sirketi
GEWINDEWERKZEUGE GABROVO GmbH,Bulgari̇stan,11,1148A,,,https://www.maktekfuari.com/en/exhibitor-list?page=30,https://www.maktekfuari.com/en/brand/gewindewerkzeuge-gabrovo-gmbh
GFIR,China,5,517,,,https://www.maktekfuari.com/en/exhibitor-list?page=30,https://www.maktekfuari.com/en/brand/gfir
GFS Gravity Srl,Italy,11,1129,,,https://www.maktekfuari.com/en/exhibitor-list?page=30,https://www.maktekfuari.com/en/brand/gfs-gravity-srl
GILARDONI S.p.A,Italy,11,1121,,,https://www.maktekfuari.com/en/exhibitor-list?page=30,https://www.maktekfuari.com/en/brand/gilardoni-spa
GN GNN CNC TAKIM TEZGAHLARI SAN. LTD. ŞTİ.,Türki̇ye,12,1230,,,https://www.maktekfuari.com/en/exhibitor-list?page=30,https://www.maktekfuari.com/en/brand/gnn-cnc-takim-tezgahlari-san-ltd-sti
GNC CNC MAKİNA TEKNOLOJİLERİ A.Ş.,Türki̇ye,7,707B,,"Nakamura Tome, ONA, Romi, Lico, Vision Wide, Vonghler, Victor Taichung",https://www.maktekfuari.com/en/exhibitor-list?page=30,https://www.maktekfuari.com/en/brand/gnc-cnc-makina-teknolojileri-as
GO2CAM INTERNATIONAL,France,12,1220B,,,https://www.maktekfuari.com/en/exhibitor-list?page=30,https://www.maktekfuari.com/en/brand/go2cam-international
GOIZPER,Spain,1,108,,,https://www.maktekfuari.com/en/exhibitor-list?page=30,https://www.maktekfuari.com/en/brand/goizper
GONGTIE,China,12,1235,,,https://www.maktekfuari.com/en/exhibitor-list?page=30,https://www.maktekfuari.com/en/brand/gongtie
GPA AUTOMATION,Italy,1,108,,,https://www.maktekfuari.com/en/exhibitor-list?page=31,https://www.maktekfuari.com/en/brand/gpa-automation
GR GRUP TEKNİK HIRDAVAT MAKİNA VE İNŞ. SAN. LTD. ŞTİ.,Türki̇ye,12A,49D,,,https://www.maktekfuari.com/en/exhibitor-list?page=31,https://www.maktekfuari.com/en/brand/grup-teknik-hirdavat-makina-ve-ins-san-ltd-sti
GREENLEAF CORPORATION,United States,11,1105,,,https://www.maktekfuari.com/en/exhibitor-list?page=31,https://www.maktekfuari.com/en/brand/greenleaf-corporation
Grip Perfect,South Korea,12A,07,,,https://www.maktekfuari.com/en/exhibitor-list?page=31,https://www.maktekfuari.com/en/brand/grip-perfect
GRİNDTEC MAKİNA SAN VE TİC LTD ŞTİ,Türki̇ye,12,1210A,"GRINDTEC, DANOBAT","ROLLOMATIC SA, STRAUSAK AG, HENINGER & KLEIN GmbH u. Co. KG, René Gerber AG, SECKLER AG, ELASO AG, Linear Abrasive Engineering S.A., NEO DRESS AG, Schumacher & Cie SA, PEMAMO SA, DANOBAT",https://www.maktekfuari.com/en/exhibitor-list?page=31,https://www.maktekfuari.com/en/brand/grindtec-makina-san-ve-tic-ltd-sti
GSC,Tayvan,3,310,,,https://www.maktekfuari.com/en/exhibitor-list?page=31,https://www.maktekfuari.com/en/brand/gsc
GTECH KESİCİ TAKIMLAR SAN. VE TİC. LTD. ŞTİ.,Türki̇ye,12,1218 Hall: 12 Booth: 1224 Hall: 11 Booth: 1136,,WEIDA,https://www.maktekfuari.com/en/exhibitor-list?page=31,https://www.maktekfuari.com/en/brand/gtech-kesici-takimlar-san-ve-tic-ltd-sti
"GUANGDONG CINCY INTELLIGENT EQUIPMENT CO.,LTD",China,12A,71F,,,https://www.maktekfuari.com/en/exhibitor-list?page=31,https://www.maktekfuari.com/en/brand/guangdong-cincy-intelligent-equipment-coltd
"GUANGDONG HUASHENG NANOTECHNOLOGY CO., LTD.",China,12A,72A,HUASHENG,,https://www.maktekfuari.com/en/exhibitor-list?page=31,https://www.maktekfuari.com/en/brand/guangdong-huasheng-nanotechnology-co-ltd
"GUANGDONG JSWAY CNC MACHINE TOOL CO., LTD",China,12A,68B,JSWAY,,https://www.maktekfuari.com/en/exhibitor-list?page=31,https://www.maktekfuari.com/en/brand/guangdong-jsway-cnc-machine-tool-co-ltd
"Guangzhou Haozhi Industrial Co., Ltd.",China,6,604B,,,https://www.maktekfuari.com/en/exhibitor-list?page=31,https://www.maktekfuari.com/en/brand/guangzhou-haozhi-industrial-co-ltd
GUOHONG MAKİNA EKİPMANLARI İMALAT LİMİTED ŞİRKETİ,Türki̇ye,11A,27,GUOHONG,,https://www.maktekfuari.com/en/exhibitor-list?page=32,https://www.maktekfuari.com/en/brand/guohong-makina-ekipmanlari-imalat-limited-sirketi
GURUTZPE,Spain,12,1208A,,,https://www.maktekfuari.com/en/exhibitor-list?page=32,https://www.maktekfuari.com/en/brand/gurutzpe
Gustav Göckel Maschinenfabrik GmbH,Germany,11,1129,,,https://www.maktekfuari.com/en/exhibitor-list?page=32,https://www.maktekfuari.com/en/brand/gustav-gockel-maschinenfabrik-gmbh
GVB GmbH - Solutions in Glass,Germany,12A,49B,,,https://www.maktekfuari.com/en/exhibitor-list?page=32,https://www.maktekfuari.com/en/brand/gvb-gmbh-solutions-in-glass
GWEIKE LASER,China,11A,29,,,https://www.maktekfuari.com/en/exhibitor-list?page=32,https://www.maktekfuari.com/en/brand/gweike-laser
GYSL Abrasives Company,China,11,1110,,,https://www.maktekfuari.com/en/exhibitor-list?page=32,https://www.maktekfuari.com/en/brand/gysl-abrasives-company
GÖ GÖKHAN METAL TEKNİK HIRDAVAT TİC. VE SAN. LTD. ŞTİ.,Türki̇ye,12,1224A,,,https://www.maktekfuari.com/en/exhibitor-list?page=30,https://www.maktekfuari.com/en/brand/gokhan-metal-teknik-hirdavat-tic-ve-san-ltd-sti
GÜNEY TALAŞLI İMALAT MAKİNA SANAYİ VE TİCARET LİMİTED ŞİRKETİ,Türki̇ye,11,1111,,"Atling Steady Rest, DTR, WILHELM KÖNIG MTM GmbH, Dorfner Schleifmittelwerk GmbH",https://www.maktekfuari.com/en/exhibitor-list?page=31,https://www.maktekfuari.com/en/brand/guney-talasli-imalat-makina-sanayi-ve-ticaret-limited-sirketi
GÜRİŞ İŞ MAKİNALARI END. A.Ş.,Türki̇ye,10,1016,,KITAMURA MACHINERY,https://www.maktekfuari.com/en/exhibitor-list?page=32,https://www.maktekfuari.com/en/brand/guris-is-makinalari-end-as
GÜVENAL MAK.TİC.VE SAN.LTD.ŞTİ.,Türki̇ye,5,510,,,https://www.maktekfuari.com/en/exhibitor-list?page=32,https://www.maktekfuari.com/en/brand/guvenal-makticve-sanltdsti
HA HARDE KALIP ELEMANLARI ÇELİK VE TEKNİK HIRDAVAT İTHALAT İHRACAT SANAYİ VE TİCARET LİMİTED ŞİRKETİ,Türki̇ye,11,1170,,,https://www.maktekfuari.com/en/exhibitor-list?page=34,https://www.maktekfuari.com/en/brand/harde-kalip-elemanlari-celik-ve-teknik-hirdavat-ithalat-ihracat-sanayi-ve-ticaret-limited-sirketi
Haas,United States,7,717,,,https://www.maktekfuari.com/en/exhibitor-list?page=32,https://www.maktekfuari.com/en/brand/haas
Haeusler AG,Switzerland,2,219,,,https://www.maktekfuari.com/en/exhibitor-list?page=32,https://www.maktekfuari.com/en/brand/haeusler-ag
HAIMER DIŞ TİC. LTD. ŞTİ.,Türki̇ye,11,1154A,,,https://www.maktekfuari.com/en/exhibitor-list?page=32,https://www.maktekfuari.com/en/brand/haimer-dis-tic-ltd-sti
Hainbuch,Germany,11,1156,,,https://www.maktekfuari.com/en/exhibitor-list?page=32,https://www.maktekfuari.com/en/brand/hainbuch
Haitian Precision Machinery,China,12,1209,,,https://www.maktekfuari.com/en/exhibitor-list?page=33,https://www.maktekfuari.com/en/brand/haitian-precision-machinery
"Haitian Precision Machinery Co., Ltd,",China,9,921,,,https://www.maktekfuari.com/en/exhibitor-list?page=33,https://www.maktekfuari.com/en/brand/haitian-precision-machinery-co-ltd
HAIWEI TURKEY MAKİNE DIŞ TİC. LTD. ŞTİ.,Türki̇ye,9,921,"Haitian Precision Machinery Co., Ltd,","Haitian Precision Machinery Co., Ltd,",https://www.maktekfuari.com/en/exhibitor-list?page=33,https://www.maktekfuari.com/en/brand/haiwei-turkey-makine-dis-tic-ltd-sti
HAİPAWA KESİCİ TAKIMLAR METİN AYDIN,Türki̇ye,12A,36,"SANOWA, CARMON, NEUWERK, SANOWA THREADING","NEUWERK TOOLS, CARMON",https://www.maktekfuari.com/en/exhibitor-list?page=33,https://www.maktekfuari.com/en/brand/haipawa-kesici-takimlar-metin-aydin
HAKSAN TAKIM TEZGAHLARI MAKINA SAN. VE TIC.LTD.STI.,Türki̇ye,4,403,,"L.K. MACHINERY, ECOCA INDUSTRY (FAIR FRIEND GROUP), MANFORD MACHINERY, DOWELL MACHINERY (TONGYI MACHINERY), BAOJI MACHINERY",https://www.maktekfuari.com/en/exhibitor-list?page=33,https://www.maktekfuari.com/en/brand/haksan-takim-tezgahlari-makina-san-ve-ticltdsti
HALDER,Germany,11,1181,,,https://www.maktekfuari.com/en/exhibitor-list?page=33,https://www.maktekfuari.com/en/brand/halder
HAM TOOLS,Germany,11,1181,,,https://www.maktekfuari.com/en/exhibitor-list?page=33,https://www.maktekfuari.com/en/brand/ham-tools
HAN ELEKTRONİK VE MEKANİK SANAYİ İÇ VE DIŞ TİC. LTD. ŞTİ.,Türki̇ye,8,810,"ALEX-TECH MACHINERY INDUSTRIAL CO., LTD., CNC, EXACT","Alex-Tech Machinery Industrial Co., Ltd., Exact Machinery Co., Ltd.",https://www.maktekfuari.com/en/exhibitor-list?page=33,https://www.maktekfuari.com/en/brand/han-elektronik-ve-mekanik-sanayi-ic-ve-dis-tic-ltd-sti
HAN SONG,South Korea,10,1008,,,https://www.maktekfuari.com/en/exhibitor-list?page=33,https://www.maktekfuari.com/en/brand/han-song
"HANGZHOU XINSHENG PRECISION MACHINERY CO., LTD.",China,12A,81A,PILIHU,,https://www.maktekfuari.com/en/exhibitor-list?page=33,https://www.maktekfuari.com/en/brand/hangzhou-xinsheng-precision-machinery-co-ltd
HANKO MAKİNA SAN. VE TİC.LTD.ŞTİ.,Türki̇ye,5,508,,"C.M.S. SpA, Kern Microtechnik GmbH, REMACONTROL SRL, Virtek Vision International, NCG CAM Solutions Ltd, Fidia S.p.A., ASC Process Systems",https://www.maktekfuari.com/en/exhibitor-list?page=33,https://www.maktekfuari.com/en/brand/hanko-makina-san-ve-ticltdsti
HANKOOK MACHINE TOOLS,Tayvan,8,808,,,https://www.maktekfuari.com/en/exhibitor-list?page=33,https://www.maktekfuari.com/en/brand/hankook-machine-tools
"HANSONG M&T Co., Ltd. Republic Of Korea",,11,1178,,,https://www.maktekfuari.com/en/exhibitor-list?page=34,https://www.maktekfuari.com/en/brand/hansong-mt-co-ltd
HANSUNG TECH,South Korea,6,608,Hansung Tech,,https://www.maktekfuari.com/en/exhibitor-list?page=34,https://www.maktekfuari.com/en/brand/hansung-tech
HANWA SEMITECH Republic Of Korea,,8,805,,,https://www.maktekfuari.com/en/exhibitor-list?page=34,https://www.maktekfuari.com/en/brand/hanwa-semitech
HAOZHI,China,6,604B,,,https://www.maktekfuari.com/en/exhibitor-list?page=34,https://www.maktekfuari.com/en/brand/haozhi
HARLİNGEN TOOLS,Italy,11,1148A,,,https://www.maktekfuari.com/en/exhibitor-list?page=34,https://www.maktekfuari.com/en/brand/harlingen-tools
HARTECH,Tayvan,8,805,,,https://www.maktekfuari.com/en/exhibitor-list?page=34,https://www.maktekfuari.com/en/brand/hartech
Hartmetall-Werkzeugfabrik Paul Horn GmbH,Germany,11,1154B,,,https://www.maktekfuari.com/en/exhibitor-list?page=34,https://www.maktekfuari.com/en/brand/hartmetall-werkzeugfabrik-paul-horn-gmbh
HASSAS MÜHENDİSLİK SAN. VE TİC. LTD. ŞTİ.,Türki̇ye,11,1106,HASSAS,,https://www.maktekfuari.com/en/exhibitor-list?page=34,https://www.maktekfuari.com/en/brand/hassas-muhendislik-san-ve-tic-ltd-sti
HATSAN SİLAH MAKİNA KALIP SAN VE TİC A.Ş.,Türki̇ye,12A,50F,,,https://www.maktekfuari.com/en/exhibitor-list?page=34,https://www.maktekfuari.com/en/brand/hatsan-silah-makina-kalip-san-ve-tic-as
"HBS TECH.,CO.",China,3,310,,,https://www.maktekfuari.com/en/exhibitor-list?page=34,https://www.maktekfuari.com/en/brand/hbs-techco
HCM,Tayvan,5,506,,,https://www.maktekfuari.com/en/exhibitor-list?page=34,https://www.maktekfuari.com/en/brand/hcm
HD HD EXPO SERVİCE TOURİST (HK) LIMITED,Türki̇ye,12A,63,,,https://www.maktekfuari.com/en/exhibitor-list?page=35,https://www.maktekfuari.com/en/brand/hd-expo-service-tourist-hk-limited
"HEBEI RUIAO MACHINE TOOL ACCESSORIES PRODUCING CO.,LTD",China,12A,60B,"RUIAO, RUIAO",,https://www.maktekfuari.com/en/exhibitor-list?page=35,https://www.maktekfuari.com/en/brand/hebei-ruiao-machine-tool-accessories-producing-coltd
HEESS,Germany,10,1009,,,https://www.maktekfuari.com/en/exhibitor-list?page=35,https://www.maktekfuari.com/en/brand/heess
Heimatec Gmbh,Germany,12A,50B,,,https://www.maktekfuari.com/en/exhibitor-list?page=35,https://www.maktekfuari.com/en/brand/heimatec-gmbh
HENAN BELLO NEW MATERIAL CO LTD,China,12A,69B,BELLO,,https://www.maktekfuari.com/en/exhibitor-list?page=35,https://www.maktekfuari.com/en/brand/henan-bello-new-material-co-ltd
"HENAN TONGTAI HEAVY INDUSTRY TECHNOLOGY CO.,LTD.",China,12A,70B,,,https://www.maktekfuari.com/en/exhibitor-list?page=35,https://www.maktekfuari.com/en/brand/henan-tongtai-heavy-industry-technology-coltd
"HENGERDA NEW MATERIALS (FUJIAN) CO., LTD.",China,12A,59D,,,https://www.maktekfuari.com/en/exhibitor-list?page=35,https://www.maktekfuari.com/en/brand/hengerda-new-materials-fujian-co-ltd-1
"HENGERDA NEW MATERIALS FUJIAN CO., LTD.",China,12A,59D,"LINGYING, HENGERDA","HENGERDA NEW MATERIALS (FUJIAN) CO., LTD.",https://www.maktekfuari.com/en/exhibitor-list?page=35,https://www.maktekfuari.com/en/brand/hengerda-new-materials-fujian-co-ltd
HENINGER & KLEIN GmbH u. Co. KG,Germany,12,1210A,,,https://www.maktekfuari.com/en/exhibitor-list?page=35,https://www.maktekfuari.com/en/brand/heninger-klein-gmbh-u-co-kg
HERMAKİNA CNC TAK.TEZ.VE BİL.SİS.İTH.İHR.SA.Tİ.LTD.ŞTİ.,Türki̇ye,4,407,,HERMLE,https://www.maktekfuari.com/en/exhibitor-list?page=35,https://www.maktekfuari.com/en/brand/hermakina-cnc-taktezve-bilsisithihrsatiltdsti
HERMLE,Germany,4,407,,,https://www.maktekfuari.com/en/exhibitor-list?page=35,https://www.maktekfuari.com/en/brand/hermle
HEXAGON,Sweden,12,1211A,,,https://www.maktekfuari.com/en/exhibitor-list?page=35,https://www.maktekfuari.com/en/brand/hexagon
"HG STAR TECHNOLOGY CO.,Ltd.",China,11A,24,,,https://www.maktekfuari.com/en/exhibitor-list?page=36,https://www.maktekfuari.com/en/brand/hg-star-technology-coltd
HG WUHAN HUAGONG INTERNATIONAL DEVOLEPMENT CO. LTD.,China,12A,49B,,,https://www.maktekfuari.com/en/exhibitor-list?page=36,https://www.maktekfuari.com/en/brand/hg-wuhan-huagong-international-devolepment-co-ltd
HGIT,China,3,310,,,https://www.maktekfuari.com/en/exhibitor-list?page=36,https://www.maktekfuari.com/en/brand/hgit
HIGHTECH,Türki̇ye,5,501A,,,https://www.maktekfuari.com/en/exhibitor-list?page=36,https://www.maktekfuari.com/en/brand/hightech
"HINAKA FLUID POWER CO., LTD.",Tayvan,6,607C,"HINAKA FLUID POWER CO., LTD.",,https://www.maktekfuari.com/en/exhibitor-list?page=36,https://www.maktekfuari.com/en/brand/hinaka-fluid-power-co-ltd
HITEC,China,9,918,,,https://www.maktekfuari.com/en/exhibitor-list?page=36,https://www.maktekfuari.com/en/brand/hitec
HİCO MAKİNA VE MÜH.LTD.ŞTİ.,Türki̇ye,2,228,HİCO,,https://www.maktekfuari.com/en/exhibitor-list?page=36,https://www.maktekfuari.com/en/brand/hico-makina-ve-muhltdsti
HİDKOM MÜHENDİSLİK MÜMES. TAAHHÜT MAK. VE TİC. LTD. ŞTİ.,Türki̇ye,11,1156,,"Best Gmbh, Erwin Halder, Wagner, Neidlein, HWR Spanntechnik GmbH, Roemheld, Hainbuch, ROMAI ROBERT MAIER GMBH, ESA Eppinger GmbH, Norelem",https://www.maktekfuari.com/en/exhibitor-list?page=36,https://www.maktekfuari.com/en/brand/hidkom-muhendislik-mumes-taahhut-mak-ve-tic-ltd-sti
HİDROLİKSAN HALİM USTA HİDROLİK PRES İML .SAN. TİC.LTD.ŞTİ.,Türki̇ye,2,224,HİDROLİKSAN,,https://www.maktekfuari.com/en/exhibitor-list?page=36,https://www.maktekfuari.com/en/brand/hidroliksan-halim-usta-hidrolik-pres-iml-san-ticltdsti
HİDROPAR BURSA OTOMASYON HİD. PNÖM. MAK. SAN. TİC. A. Ş.,Türki̇ye,11,1131,,,https://www.maktekfuari.com/en/exhibitor-list?page=36,https://www.maktekfuari.com/en/brand/hidropar-bursa-otomasyon-hid-pnom-mak-san-tic-a-s
HİDROPRES MAKİNA SANAYİ VE TİCARET ANONİM ŞİRKETİ,Türki̇ye,1,116,HİDROPRES,,https://www.maktekfuari.com/en/exhibitor-list?page=36,https://www.maktekfuari.com/en/brand/hidropres-makina-sanayi-ve-ticaret-anonim-sirketi
HİLALSAN MAK. ENDUSTRİYEL VE TİC. LTD. STİ.,Türki̇ye,2,201,HİLALSAN,,https://www.maktekfuari.com/en/exhibitor-list?page=36,https://www.maktekfuari.com/en/brand/hilalsan-mak-endustriyel-ve-tic-ltd-sti
HNK MACHINE TOOL CO.LTD.,South Korea,5,504,,,https://www.maktekfuari.com/en/exhibitor-list?page=37,https://www.maktekfuari.com/en/brand/hnk-machine-tool-coltd
Hoffmann,Germany,6,620,,,https://www.maktekfuari.com/en/exhibitor-list?page=37,https://www.maktekfuari.com/en/brand/hoffmann
HONOR,Tayvan,8,812,,,https://www.maktekfuari.com/en/exhibitor-list?page=37,https://www.maktekfuari.com/en/brand/honor
HORN TURKEY METAL İŞLEME EKİPMANLARI İTH. VE PAZ. LTD. ŞTİ.,Türki̇ye,11,1154B,ph HORN,Hartmetall-Werkzeugfabrik Paul Horn GmbH,https://www.maktekfuari.com/en/exhibitor-list?page=37,https://www.maktekfuari.com/en/brand/horn-turkey-metal-isleme-ekipmanlari-ith-ve-paz-ltd-sti
HOWFIT SCIENCE AND TECHNOLOGY CO.LTD.,China,12A,49C,,,https://www.maktekfuari.com/en/exhibitor-list?page=37,https://www.maktekfuari.com/en/brand/howfit-science-and-technology-coltd
HPMT INDUSTRIES SDN. BHD.,Malaysia,11,1173,,,https://www.maktekfuari.com/en/exhibitor-list?page=37,https://www.maktekfuari.com/en/brand/hpmt-industries-sdn-bhd
"HUITONGXINDA AIR COMPRESSOR (JINAN) CO., LTD",China,12A,63,HUITONGXINDA,,https://www.maktekfuari.com/en/exhibitor-list?page=37,https://www.maktekfuari.com/en/brand/huitongxinda-air-compressor-jinan-co-ltd
"HUNAN VIPER METAL MATERIALS CO., LTD.",China,12A,59G,VIPER,,https://www.maktekfuari.com/en/exhibitor-list?page=37,https://www.maktekfuari.com/en/brand/hunan-viper-metal-materials-co-ltd
HURON GRAFFENSTADEN S.A.S.,France,12,1236,HURON,JYOTI CNC AUTOMATION LTD,https://www.maktekfuari.com/en/exhibitor-list?page=37,https://www.maktekfuari.com/en/brand/huron-graffenstaden-sas
"Huzhou Machine Tool Works Co., Ltd",China,11A,49,,,https://www.maktekfuari.com/en/exhibitor-list?page=37,https://www.maktekfuari.com/en/brand/huzhou-machine-tool-works-co-ltd
HVR MAGNETİCS,China,11,1150,,,https://www.maktekfuari.com/en/exhibitor-list?page=37,https://www.maktekfuari.com/en/brand/hvr-magnetics
HWACHEON,Germany,4,402A,,,https://www.maktekfuari.com/en/exhibitor-list?page=38,https://www.maktekfuari.com/en/brand/hwacheon
HWR Spanntechnik GmbH,Germany,11,1156,,,https://www.maktekfuari.com/en/exhibitor-list?page=38,https://www.maktekfuari.com/en/brand/hwr-spanntechnik-gmbh
Hyperion Materials & Technology,United States,11,1180,,,https://www.maktekfuari.com/en/exhibitor-list?page=38,https://www.maktekfuari.com/en/brand/hyperion-materials-technology
Hyperlean,Italy,5,504,,,https://www.maktekfuari.com/en/exhibitor-list?page=38,https://www.maktekfuari.com/en/brand/hyperlean
HYUNDAI ROBOTICS,Germany,8,805,,,https://www.maktekfuari.com/en/exhibitor-list?page=38,https://www.maktekfuari.com/en/brand/hyundai-robotics
HYUNDAI WIA CORPORATION Republic Of Korea,,8,805,,,https://www.maktekfuari.com/en/exhibitor-list?page=38,https://www.maktekfuari.com/en/brand/hyundai-wia-corporation
HÖCKH Metall-Reinigungsanlagen GmbH,Germany,6,617,,,https://www.maktekfuari.com/en/exhibitor-list?page=37,https://www.maktekfuari.com/en/brand/hockh-metall-reinigungsanlagen-gmbh
I-Twin Industrial,Tayvan,2,215,,,https://www.maktekfuari.com/en/exhibitor-list?page=38,https://www.maktekfuari.com/en/brand/i-twin-industrial
ICAM,Italy,11,1160,,,https://www.maktekfuari.com/en/exhibitor-list?page=38,https://www.maktekfuari.com/en/brand/icam
IMAO CLAMP,Japan,11,1150,,,https://www.maktekfuari.com/en/exhibitor-list?page=39,https://www.maktekfuari.com/en/brand/imao-clamp
IMEAS spa,Italy,2,217,,,https://www.maktekfuari.com/en/exhibitor-list?page=39,https://www.maktekfuari.com/en/brand/imeas-spa
IMSA S.R.L,Italy,9,904F,,,https://www.maktekfuari.com/en/exhibitor-list?page=39,https://www.maktekfuari.com/en/brand/imsa-srl
INDEX,Germany,10,1005 Hall: 10 Booth: 1015,,,https://www.maktekfuari.com/en/exhibitor-list?page=39,https://www.maktekfuari.com/en/brand/index
INDUCTOTHERM İNDÜKSİYON SİSTEMLERİ SAN AŞ,Türki̇ye,1,104B,INDUCTOTHERM GROUP,,https://www.maktekfuari.com/en/exhibitor-list?page=39,https://www.maktekfuari.com/en/brand/inductotherm-induksiyon-sistemleri-san-as
INELMATIC CASTILLA Y LEON SL,Spain,6,602,,,https://www.maktekfuari.com/en/exhibitor-list?page=39,https://www.maktekfuari.com/en/brand/inelmatic-castilla-y-leon-sl
Inovatools Eckerle & Ertel GmbH,Germany,11,1174A,,,https://www.maktekfuari.com/en/exhibitor-list?page=40,https://www.maktekfuari.com/en/brand/inovatools-eckerle-ertel-gmbh
INTEGRAL TAKIM TEZGAHLARI CNC MAKINA VE TEKNOLOJİ ÇÖZÜMLERİ LTD. ŞTİ.,Türki̇ye,4,402A,MURATEC,HWACHEON,https://www.maktekfuari.com/en/exhibitor-list?page=40,https://www.maktekfuari.com/en/brand/integral-takim-tezgahlari-cnc-makina-ve-teknoloji-cozumleri-ltd-sti
INTERCOM SRL,Italy,1,108,,,https://www.maktekfuari.com/en/exhibitor-list?page=40,https://www.maktekfuari.com/en/brand/intercom-srl
ISITAN MAKİNE SANAYİ VE TİC. A. Ş.,Türki̇ye,2,213,,,https://www.maktekfuari.com/en/exhibitor-list?page=40,https://www.maktekfuari.com/en/brand/isitan-makine-sanayi-ve-tic-a-s
"IWATA SAW MFG CO., LTD.",Japan,1,103,,,https://www.maktekfuari.com/en/exhibitor-list?page=40,https://www.maktekfuari.com/en/brand/iwata-saw-mfg-co-ltd
"IWATA TOOL Co.,Ltd.",Japan,11,1123,,,https://www.maktekfuari.com/en/exhibitor-list?page=40,https://www.maktekfuari.com/en/brand/iwata-tool-coltd
IZAR CUTTING TOOLS S.A.L.,Spain,11,1148A,,,https://www.maktekfuari.com/en/exhibitor-list?page=40,https://www.maktekfuari.com/en/brand/izar-cutting-tools-sal
İBRAHİM ÜMİT MAKİNA SAN. TİC. LTD. ŞTİ.,Türki̇ye,7,716,"SMEC, Z-MAT",SMEC Co. LTD,https://www.maktekfuari.com/en/exhibitor-list?page=38,https://www.maktekfuari.com/en/brand/ibrahim-umit-makina-san-tic-ltd-sti
İCON CNC MAKİNA TEKNOLOJİLERİ SANAYİ VE TİCARET LİMİTED ŞİRKETİ,Türki̇ye,11A,13,SUZHOU HALLER INTELLIGENT,,https://www.maktekfuari.com/en/exhibitor-list?page=38,https://www.maktekfuari.com/en/brand/icon-cnc-makina-teknolojileri-sanayi-ve-ticaret-limited-sirketi
İDEAL MAKİNA END. ÜRÜN. SAN. VE TİC. A.Ş.,Türki̇ye,2,216,,,https://www.maktekfuari.com/en/exhibitor-list?page=38,https://www.maktekfuari.com/en/brand/ideal-makina-end-urun-san-ve-tic-as
İHSAN KOÇAK MAKİNA SANAYİ VE TİCARET A.Ş.,Türki̇ye,8,812,"Dirinler, HONOR, DOWELL, OZCO, NIDEC, OKK, Nakamura-Tome, CAMPRO","CAMPRO, NIDEC CORPORATION, DOWELL - TONG YI MACHINERY INC., HONOR, OKK CORPORATION, NAKAMURA-TOME PRECISION INDUSTRY CO., LTD.",https://www.maktekfuari.com/en/exhibitor-list?page=39,https://www.maktekfuari.com/en/brand/ihsan-kocak-makina-sanayi-ve-ticaret-as
İMAŞ MAKİNE SAN. A.Ş.,Türki̇ye,2,206,Cuteral,,https://www.maktekfuari.com/en/exhibitor-list?page=39,https://www.maktekfuari.com/en/brand/imas-makine-san-as
İNGENİUM MAKİNE LİMİTED ŞİRKETİ,Türki̇ye,12A,49A,,,https://www.maktekfuari.com/en/exhibitor-list?page=39,https://www.maktekfuari.com/en/brand/ingenium-makine-limited-sirketi
İNKOR TEKNİK HIRDAVAT İÇ VE DIŞ TİC. LTD. ŞTİ.,Türki̇ye,12A,21,"İNKORE, İNPERA, WAEGNER",,https://www.maktekfuari.com/en/exhibitor-list?page=39,https://www.maktekfuari.com/en/brand/inkor-teknik-hirdavat-ic-ve-dis-tic-ltd-sti
İNMAK MAKİNA SANAYİ VE TİC A.Ş,Türki̇ye,7,705,"MECTRON, MIYANO, CITIZEN","MECTRON INC, MIYANO MACHINERY, CITIZEN MACHINERY CO LTD",https://www.maktekfuari.com/en/exhibitor-list?page=39,https://www.maktekfuari.com/en/brand/inmak-makina-sanayi-ve-tic-as
İNOVASYON CNC MAKİNA SANAYİ VE TİCARET LİMİTED ŞİRKETİ,Türki̇ye,12,1234,,"DONGGUAN BAOKE PRECISION MACHINERY CO LTD., DONGGUAN BAOKE PRECISION MACHINERY CO LTD.",https://www.maktekfuari.com/en/exhibitor-list?page=39,https://www.maktekfuari.com/en/brand/inovasyon-cnc-makina-sanayi-ve-ticaret-limited-sirketi
İSTANBUL MAKİNA VE OTOM. SİSTEMLERİ SAN. TİC. A.Ş.,Türki̇ye,7,701 Hall: 7 Booth: 703,Arion,"Takisawa Machine Tool Co., Taiwan TAKISAWA Technology Co., QUASER MACHINE TOOLS, KIWA MACHINERY CO., NEXTURN CO., Quick Jet Machin Co., Oscarmax, MATSUURA MACHINERY CORPORATION, PROTH Industrial Co., Ltd., PALMARY Machinery Co., Ltd., ARIX CNC MACHINES CO., LTD., Ares Seiki, JSWAY CNC Machine Tool Co., Ltd., FFG DMC, KEN ICHI MACHINE CO., LTD., Millstar, Mega, Alzmetall, Sodick Europe Ltd., TAIKAN INTELLIGENT EQUIPMENT (SHENZHEN) CO., LTD.",https://www.maktekfuari.com/en/exhibitor-list?page=40,https://www.maktekfuari.com/en/brand/istanbul-makina-ve-otom-sistemleri-san-tic-as
İZTES TESTERE VE MAKİNA SAN.TİC.LTD.ŞTİ,Türki̇ye,2,220A,İZTES,,https://www.maktekfuari.com/en/exhibitor-list?page=40,https://www.maktekfuari.com/en/brand/iztes-testere-ve-makina-santicltdsti
İĞREK MAKİNA SANAYİ VE TİC. A. Ş.,Türki̇ye,12,1201,İğrek Makina,,https://www.maktekfuari.com/en/exhibitor-list?page=38,https://www.maktekfuari.com/en/brand/igrek-makina-sanayi-ve-tic-a-s
J. Schneeberger Maschinen AG,Switzerland,5,503 B,,,https://www.maktekfuari.com/en/exhibitor-list?page=40,https://www.maktekfuari.com/en/brand/j-schneeberger-maschinen-ag
J.N. Eberle Cie. GmbH,Germany,1,107,,,https://www.maktekfuari.com/en/exhibitor-list?page=40,https://www.maktekfuari.com/en/brand/jn-eberle-cie-gmbh
Jagular Industry Ltd.Taiwan,Tayvan,5,511,,,https://www.maktekfuari.com/en/exhibitor-list?page=40,https://www.maktekfuari.com/en/brand/jagular-industry-ltdtaiwan
JEICO,South Korea,6,608,JEICO,,https://www.maktekfuari.com/en/exhibitor-list?page=41,https://www.maktekfuari.com/en/brand/jeico
"JI JIANGSU GRINDING DOCTOR ABRASIVES CO., LTD.",Türki̇ye,12A,81B,,,https://www.maktekfuari.com/en/exhibitor-list?page=41,https://www.maktekfuari.com/en/brand/jiangsu-grinding-doctor-abrasives-co-ltd
"JI JIANGXI KANGQI INDUSTRIAL CO.,LTD.",Türki̇ye,9,904C-1,,,https://www.maktekfuari.com/en/exhibitor-list?page=41,https://www.maktekfuari.com/en/brand/jiangxi-kangqi-industrial-coltd
"JIANGSU BOSHANG INDUSTRIAL EQUIPMENT CO., LTD.",China,12A,77A,Bosunman,,https://www.maktekfuari.com/en/exhibitor-list?page=41,https://www.maktekfuari.com/en/brand/jiangsu-boshang-industrial-equipment-co-ltd
JIANGSU CHENGUANG CNC MACHINE TOOL,China,12A,70C,,,https://www.maktekfuari.com/en/exhibitor-list?page=41,https://www.maktekfuari.com/en/brand/jiangsu-chenguang-cnc-machine-tool
"JIANGSU SAMMLITE MACHINERY CO.,LTD.",China,5,511,,,https://www.maktekfuari.com/en/exhibitor-list?page=41,https://www.maktekfuari.com/en/brand/jiangsu-sammlite-machinery-coltd
"JIANGSU SHAOFENG TOOLS CO.,LTD",China,12A,72C,,,https://www.maktekfuari.com/en/exhibitor-list?page=41,https://www.maktekfuari.com/en/brand/jiangsu-shaofeng-tools-coltd
"JINAN INSTITUTE OF METALLURGICAL SCIENCE CO., LTD.",China,12A,69E,,,https://www.maktekfuari.com/en/exhibitor-list?page=41,https://www.maktekfuari.com/en/brand/jinan-institute-of-metallurgical-science-co-ltd
"JINING JIEHE MANUFACTURING CO., LTD.",China,12A,71G,,,https://www.maktekfuari.com/en/exhibitor-list?page=41,https://www.maktekfuari.com/en/brand/jining-jiehe-manufacturing-co-ltd
"JINN FA MACHINE INDUSTRIAL CO., LTD.",Tayvan,5,513,,,https://www.maktekfuari.com/en/exhibitor-list?page=41,https://www.maktekfuari.com/en/brand/jinn-fa-machine-industrial-co-ltd
JIUXUN HASSAS MAKİNE SANAYİ LİMİTED ŞİRKETİ,Türki̇ye,12A,46,JIUXUN,,https://www.maktekfuari.com/en/exhibitor-list?page=41,https://www.maktekfuari.com/en/brand/jiuxun-hassas-makine-sanayi-limited-sirketi
"JJ TOOLS Co.,Ltd. Republic Of Korea",,11,1123,,,https://www.maktekfuari.com/en/exhibitor-list?page=41,https://www.maktekfuari.com/en/brand/jj-tools-coltd
JOBS S.p.A.,Italy,7,709,,,https://www.maktekfuari.com/en/exhibitor-list?page=42,https://www.maktekfuari.com/en/brand/jobs-spa
JOEN LIH MACHINERY CO. LTD.,Tayvan,9,901E,"Joen Lih Machinery Co., Ltd.",,https://www.maktekfuari.com/en/exhibitor-list?page=42,https://www.maktekfuari.com/en/brand/joen-lih-machinery-co-ltd
"Joen Lih Machinery Co., Ltd.",Tayvan,7,711,,,https://www.maktekfuari.com/en/exhibitor-list?page=42,https://www.maktekfuari.com/en/brand/joen-lih-machinery-co-ltd-1
Johs. Boss GmbH & Co. KG,Germany,12A,12,,,https://www.maktekfuari.com/en/exhibitor-list?page=42,https://www.maktekfuari.com/en/brand/johs-boss-gmbh-co-kg
JOKER KESİCİ TAKIMLAR SAN. VE TİC. LTD. ŞTİ.,Türki̇ye,11,1140,,,https://www.maktekfuari.com/en/exhibitor-list?page=42,https://www.maktekfuari.com/en/brand/joker-kesici-takimlar-san-ve-tic-ltd-sti
JOURNEY ENDÜSTRİYEL EKİPMANLARI DIŞ TİC. LTD. ŞTİ.,Türki̇ye,11A,14 Hall: 12A Booth: 10B,JOURNEY ENDÜSTRİYEL EKİPMANLARI DIŞ TİCARET LİMİTED ŞİRKETİ,,https://www.maktekfuari.com/en/exhibitor-list?page=42,https://www.maktekfuari.com/en/brand/journey-endustriyel-ekipmanlari-dis-tic-ltd-sti
"JSWAY CNC Machine Tool Co., Ltd.",China,7,701 Hall: 7 Booth: 703,,,https://www.maktekfuari.com/en/exhibitor-list?page=42,https://www.maktekfuari.com/en/brand/jsway-cnc-machine-tool-co-ltd
JULIA UTENSILI SRL,Italy,11,1151,,,https://www.maktekfuari.com/en/exhibitor-list?page=42,https://www.maktekfuari.com/en/brand/julia-utensili-srl
JYOTI CNC AUTOMATION LTD,Hi̇ndi̇stan,12,1236,,,https://www.maktekfuari.com/en/exhibitor-list?page=42,https://www.maktekfuari.com/en/brand/jyoti-cnc-automation-ltd
KAHRAMAN KALIP ELEKTRİK VE ELEKTRONİK DONANIMLARI SAN. TİC. LTD. ŞTİ.,Türki̇ye,12A,49C,,HOWFIT SCIENCE AND TECHNOLOGY CO.LTD.,https://www.maktekfuari.com/en/exhibitor-list?page=42,https://www.maktekfuari.com/en/brand/kahraman-kalip-elektrik-ve-elektronik-donanimlari-san-tic-ltd-sti
KAIFENG BESCO SUPERABRASIVES CO LTD,China,9,926,BESCO,,https://www.maktekfuari.com/en/exhibitor-list?page=42,https://www.maktekfuari.com/en/brand/kaifeng-besco-superabrasives-co-ltd
KALİP TEKNİK KESİCİ TAKIMLAR VE MAKİNA SANAYİ TİCARET LİMİTED ŞİRKETİ,Türki̇ye,12A,25,"HANSONG M&T CO., LTD., DIJET INDUSTRIAL CO., LTD, NACHREINER – SPANABHEBENDE WERKZEUGE, Ann Way Machine Tools Co., Ltd.","HANSONG M&T Co., Ltd., Ann Way Machine Tools Co., Ltd., NACHREINER – SPANABHEBENDE WERKZEUGE, DIJET INDUSTRIAL CO., LTD",https://www.maktekfuari.com/en/exhibitor-list?page=42,https://www.maktekfuari.com/en/brand/kalip-teknik-kesici-takimlar-ve-makina-sanayi-ticaret-limited-sirketi
Kaltenbach Cutting Systems GmbH,Germany,2,219,,,https://www.maktekfuari.com/en/exhibitor-list?page=43,https://www.maktekfuari.com/en/brand/kaltenbach-cutting-systems-gmbh
KAMSAN METAL ELEKT. MAK. SAN. VE TİC. LTD. ŞTİ.,Türki̇ye,10,1010,Kamsan Bursa,,https://www.maktekfuari.com/en/exhibitor-list?page=43,https://www.maktekfuari.com/en/brand/kamsan-metal-elekt-mak-san-ve-tic-ltd-sti
KANEFUSA CORPORATION,Japan,11,1151,,,https://www.maktekfuari.com/en/exhibitor-list?page=43,https://www.maktekfuari.com/en/brand/kanefusa-corporation
Kangshuo,China,9,905A,,,https://www.maktekfuari.com/en/exhibitor-list?page=43,https://www.maktekfuari.com/en/brand/kangshuo
"KAO FONG MACHINERY CO, LTD",Tayvan,8,805,,,https://www.maktekfuari.com/en/exhibitor-list?page=43,https://www.maktekfuari.com/en/brand/kao-fong-machinery-co-ltd
KAR METAL MAKİNE SANAYİ VE TİCARET ANONİM ŞİRKETİ,Türki̇ye,3,313,"KARMETAL, KARMETAL SAWLUTIONS, KMT, KMT CRAFT, robolution, servant, KMT CYCLONE, ORDİNA, VORTEX, saphir",,https://www.maktekfuari.com/en/exhibitor-list?page=43,https://www.maktekfuari.com/en/brand/kar-metal-makine-sanayi-ve-ticaret-anonim-sirketi
KAR-TES KESİCİ TAKIMLAR SAN.VE TİC.LTD.ŞTİ.,Türki̇ye,11,1151,,"Robert Röntgen GmbH & Co. KG, JULIA UTENSILI SRL, KANEFUSA CORPORATION",https://www.maktekfuari.com/en/exhibitor-list?page=43,https://www.maktekfuari.com/en/brand/kar-tes-kesici-takimlar-sanve-ticltdsti
Karl Schüssler GmbH & Co. KG,Germany,12A,12,,,https://www.maktekfuari.com/en/exhibitor-list?page=43,https://www.maktekfuari.com/en/brand/karl-schussler-gmbh-co-kg
KASERSAN LAZER SARF MALZEMELERİ - EMİRHAN KAĞAN DAĞLI,Türki̇ye,12A,57A,Kasersan,,https://www.maktekfuari.com/en/exhibitor-list?page=43,https://www.maktekfuari.com/en/brand/kasersan-lazer-sarf-malzemeleri-emirhan-kagan-dagli
KASTO MASCHINEBAU GMBH,Germany,3,310,,,https://www.maktekfuari.com/en/exhibitor-list?page=43,https://www.maktekfuari.com/en/brand/kasto-maschinebau-gmbh
KAYA YILDIZI ELEKTRONİK PAZ. SAN. VE TİC. LTD. ŞTİ.,Türki̇ye,11A,52,SENSE INTELLIGENT,,https://www.maktekfuari.com/en/exhibitor-list?page=43,https://www.maktekfuari.com/en/brand/kaya-yildizi-elektronik-paz-san-ve-tic-ltd-sti
KB Prüftechnik GmbH,Germany,11,1121,,,https://www.maktekfuari.com/en/exhibitor-list?page=43,https://www.maktekfuari.com/en/brand/kb-pruftechnik-gmbh
KELİTE CNC TEKNOLOJİLERİ İTH. İHR. VE SAN. TİC. LTD. ŞTİ.,Türki̇ye,11,1176,,,https://www.maktekfuari.com/en/exhibitor-list?page=44,https://www.maktekfuari.com/en/brand/kelite-cnc-teknolojileri-ith-ihr-ve-san-tic-ltd-sti
KEMA MAKİNA SAN.VE TİC. LTD.ŞTİ.,Türki̇ye,10,1006,SORALUCE,SORALUCE,https://www.maktekfuari.com/en/exhibitor-list?page=44,https://www.maktekfuari.com/en/brand/kema-makina-sanve-tic-ltdsti
Kemmer Hartmetallwerkzeuge GmbH,Germany,12A,12,,,https://www.maktekfuari.com/en/exhibitor-list?page=44,https://www.maktekfuari.com/en/brand/kemmer-hartmetallwerkzeuge-gmbh
"KEN ICHI MACHINE CO., LTD.",Tayvan,7,701 Hall: 7 Booth: 703,,,https://www.maktekfuari.com/en/exhibitor-list?page=44,https://www.maktekfuari.com/en/brand/ken-ichi-machine-co-ltd
Kern Microtechnik GmbH,Germany,5,508,,,https://www.maktekfuari.com/en/exhibitor-list?page=44,https://www.maktekfuari.com/en/brand/kern-microtechnik-gmbh
Kerstar,İngi̇ltere,11A,05,,,https://www.maktekfuari.com/en/exhibitor-list?page=44,https://www.maktekfuari.com/en/brand/kerstar
KES-TECH MAKİNA İNOVASYON SAN VE TİC.LTD.ŞTİ,Türki̇ye,10,1001,,DYNAMIC MACHINE,https://www.maktekfuari.com/en/exhibitor-list?page=44,https://www.maktekfuari.com/en/brand/kes-tech-makina-inovasyon-san-ve-ticltdsti
KESMAK MAKİNA SAN. VE TİC. LTD. ŞTİ.,Türki̇ye,2,204,KESMAK,,https://www.maktekfuari.com/en/exhibitor-list?page=44,https://www.maktekfuari.com/en/brand/kesmak-makina-san-ve-tic-ltd-sti
KESTAŞ BROŞ TIĞLARI İMALAT SAN. VE TİC. A.Ş.,Türki̇ye,11,1102A,,,https://www.maktekfuari.com/en/exhibitor-list?page=44,https://www.maktekfuari.com/en/brand/kestas-bros-tiglari-imalat-san-ve-tic-as
KINIK COMPANY,Tayvan,11,1107B,,,https://www.maktekfuari.com/en/exhibitor-list?page=44,https://www.maktekfuari.com/en/brand/kinik-company
KINKELDER BV,Netherlands,7,706,,,https://www.maktekfuari.com/en/exhibitor-list?page=44,https://www.maktekfuari.com/en/brand/kinkelder-bv
KIRA,Japan,10,1008,,,https://www.maktekfuari.com/en/exhibitor-list?page=44,https://www.maktekfuari.com/en/brand/kira
KISSsoft AG,Switzerland,5,504,,,https://www.maktekfuari.com/en/exhibitor-list?page=45,https://www.maktekfuari.com/en/brand/kisssoft-ag
KITAGAWA EUROPE,Japan,10,1005 Hall: 10 Booth: 1015,,,https://www.maktekfuari.com/en/exhibitor-list?page=45,https://www.maktekfuari.com/en/brand/kitagawa-europe
KITAMURA MACHINERY,Japan,10,1016,,,https://www.maktekfuari.com/en/exhibitor-list?page=45,https://www.maktekfuari.com/en/brand/kitamura-machinery
KIWA MACHINERY CO.,Japan,7,701 Hall: 7 Booth: 703,,,https://www.maktekfuari.com/en/exhibitor-list?page=45,https://www.maktekfuari.com/en/brand/kiwa-machinery-co
KLINGELNBERG,Germany,10,1009,,,https://www.maktekfuari.com/en/exhibitor-list?page=45,https://www.maktekfuari.com/en/brand/klingelnberg
KNOLL Maschinenbau GmbH,Germany,6,613,,,https://www.maktekfuari.com/en/exhibitor-list?page=45,https://www.maktekfuari.com/en/brand/knoll-maschinenbau-gmbh
"KODUCT CO.,LTD",South Korea,6,608,,,https://www.maktekfuari.com/en/exhibitor-list?page=45,https://www.maktekfuari.com/en/brand/koduct-coltd
KOWAY MAKİNA SANAYİ VE TİCARET LİMİTED ŞİRKETİ,Türki̇ye,4,405,,,https://www.maktekfuari.com/en/exhibitor-list?page=45,https://www.maktekfuari.com/en/brand/koway-makina-sanayi-ve-ticaret-limited-sirketi
KOÇEL DIŞ TİCARET VE PAZARLAMA LTD. ŞTİ.,Türki̇ye,2,200B,"ODEY, KOÇEL",,https://www.maktekfuari.com/en/exhibitor-list?page=45,https://www.maktekfuari.com/en/brand/kocel-dis-ticaret-ve-pazarlama-ltd-sti
Kroeplin,Germany,11,1121,,,https://www.maktekfuari.com/en/exhibitor-list?page=45,https://www.maktekfuari.com/en/brand/kroeplin
KROMAŞ METAL VE MAKİNA SAN. TİC. LTD. ŞTİ.,Türki̇ye,2,222A,,,https://www.maktekfuari.com/en/exhibitor-list?page=45,https://www.maktekfuari.com/en/brand/kromas-metal-ve-makina-san-tic-ltd-sti
KTA SPINDLE TOOLING,Hi̇ndi̇stan,11,1158,,,https://www.maktekfuari.com/en/exhibitor-list?page=46,https://www.maktekfuari.com/en/brand/kta-spindle-tooling
KTI,Germany,1,108,,,https://www.maktekfuari.com/en/exhibitor-list?page=46,https://www.maktekfuari.com/en/brand/kti
KULA MAKİNA İMALAT SAN.VE TİC.LTD.ŞTİ.,Türki̇ye,5,503 B,"ARMI, MOTION","Schaublin Machines SA, Erwin Junker Maschinenfabrik GmbH, Chien Wei Precise Technology Co., Ltd., Uni-tech Precision Co., Ltd., E-TECH Machinery Inc, J. Schneeberger Maschinen AG, Microcut Ltd, Supfina Grieshaber GmbH & C.o KG, Falcon Machine Tools Co. LTD, Yuhuan CNC Machine Tool Co., Ltd., BEIJING JINGDIAO GROUP CO., LTD., REISHAUER AG, Tschudin AG, Adelbert Haas GmbH",https://www.maktekfuari.com/en/exhibitor-list?page=46,https://www.maktekfuari.com/en/brand/kula-makina-imalat-sanve-ticltdsti
KUNSHAN OMATEI MECHANICAL AND ELECTRICAL EQUIPMENT CO. LTD,China,12A,48D,OMATEI,,https://www.maktekfuari.com/en/exhibitor-list?page=46,https://www.maktekfuari.com/en/brand/kunshan-omatei-mechanical-and-electrical-equipment-co-ltd
KUZEY TEKNİK METAL İŞLEME A.Ş.,Türki̇ye,12A,35,Acckee,,https://www.maktekfuari.com/en/exhibitor-list?page=46,https://www.maktekfuari.com/en/brand/kuzey-teknik-metal-isleme-as
"KWS Chengdu YIBAI Technology Co.,Ltd",China,2,226,,,https://www.maktekfuari.com/en/exhibitor-list?page=46,https://www.maktekfuari.com/en/brand/kws-chengdu-yibai-technology-coltd
KÖPRÜ METAL SAN. VE TİC. A.Ş.,Türki̇ye,11A,02,,satış Grubu,https://www.maktekfuari.com/en/exhibitor-list?page=45,https://www.maktekfuari.com/en/brand/kopru-metal-san-ve-tic-as
L.K. MACHINERY,Tayvan,4,403,,,https://www.maktekfuari.com/en/exhibitor-list?page=46,https://www.maktekfuari.com/en/brand/lk-machinery
L.KELLENBERGER & Co. AG,Switzerland,12,1229,,,https://www.maktekfuari.com/en/exhibitor-list?page=46,https://www.maktekfuari.com/en/brand/lkellenberger-co-ag
"LAIZHOU XINYUE MACHINERY CO.,LTD.",China,12A,19 Hall: 12A Booth: 55,,,https://www.maktekfuari.com/en/exhibitor-list?page=46,https://www.maktekfuari.com/en/brand/laizhou-xinyue-machinery-coltd
Lampert Werktechnik GmbH,Germany,11A,06,,,https://www.maktekfuari.com/en/exhibitor-list?page=46,https://www.maktekfuari.com/en/brand/lampert-werktechnik-gmbh
"LANHAO TECH- Nanjing Lanhao Intelligent Technology Co.,Ltd.",China,3,310,,,https://www.maktekfuari.com/en/exhibitor-list?page=46,https://www.maktekfuari.com/en/brand/lanhao-tech-nanjing-lanhao-intelligent-technology-coltd
LASERAL END. LAZER SİST. SAN. VE TİC. LTD. ŞTİ.,Türki̇ye,2,227,LASERAL,,https://www.maktekfuari.com/en/exhibitor-list?page=46,https://www.maktekfuari.com/en/brand/laseral-end-lazer-sist-san-ve-tic-ltd-sti
LAZERMARKET MARKALAMA KAYNAK YEDEK PARÇA SERVİS KESİM MAKİNA SANAYİ VE TİCARET LİMİTED ŞİRKETİ,Türki̇ye,12A,16,LAZERMARKET,,https://www.maktekfuari.com/en/exhibitor-list?page=47,https://www.maktekfuari.com/en/brand/lazermarket-markalama-kaynak-yedek-parca-servis-kesim-makina-sanayi-ve-ticaret-limited-sirketi
LEADYANG PRECISION TECHNOLOGY CO.LTD,Tayvan,7,715,,,https://www.maktekfuari.com/en/exhibitor-list?page=47,https://www.maktekfuari.com/en/brand/leadyang-precision-technology-coltd
Lico,Tayvan,7,707B,,,https://www.maktekfuari.com/en/exhibitor-list?page=47,https://www.maktekfuari.com/en/brand/lico
LIEBHERR,Germany,10,1009,,,https://www.maktekfuari.com/en/exhibitor-list?page=47,https://www.maktekfuari.com/en/brand/liebherr
Linear Abrasive Engineering S.A.,Switzerland,12,1210A,,,https://www.maktekfuari.com/en/exhibitor-list?page=47,https://www.maktekfuari.com/en/brand/linear-abrasive-engineering-sa
LINEMEDIA BİLİŞİM LTD. ŞTİ.,Türki̇ye,SalonNo,StandNo,Machineryline,,https://www.maktekfuari.com/en/exhibitor-list?page=47,https://www.maktekfuari.com/en/brand/linemedia-bilisim-ltd-sti
"Lingji Jingke Refrigeration Equipment (Huanggang) Co., Ltd",China,12A,61I,,,https://www.maktekfuari.com/en/exhibitor-list?page=47,https://www.maktekfuari.com/en/brand/lingji-jingke-refrigeration-equipment-huanggang-co-ltd
"LINGJI JINGKE REFRIGERATION EQUIPMENT (HUANGGANG) CO.,LTD",China,12A,61I,"Lingji Jingke Refrigeration Equipment (Huanggang) Co., Ltd","Lingji Jingke Refrigeration Equipment (Huanggang) Co., Ltd",https://www.maktekfuari.com/en/exhibitor-list?page=47,https://www.maktekfuari.com/en/brand/lingji-jingke-refrigeration-equipment-huanggang-coltd
"LISHUI BONZER MACHINERY CO.,LTD",China,12A,78C,BONZER,,https://www.maktekfuari.com/en/exhibitor-list?page=47,https://www.maktekfuari.com/en/brand/lishui-bonzer-machinery-coltd
LISSMAC,Germany,3,317A,,,https://www.maktekfuari.com/en/exhibitor-list?page=47,https://www.maktekfuari.com/en/brand/lissmac
Litz Hitech Corporation,Tayvan,7,709,,,https://www.maktekfuari.com/en/exhibitor-list?page=47,https://www.maktekfuari.com/en/brand/litz-hitech-corporation
LİVMAK MAKİNE MÜHENDİSLİK İTH. İHR. SAN. VE TİC. LTD. ŞTİ.,Türki̇ye,1,114,LİVMAKİNA LİVBEND,,https://www.maktekfuari.com/en/exhibitor-list?page=47,https://www.maktekfuari.com/en/brand/livmak-makine-muhendislik-ith-ihr-san-ve-tic-ltd-sti
LM LİNEER MOTOR SİSTEMLERİ İSMAİL CEM AŞÇI HARUN KILIÇSAL,Türki̇ye,6,607A,LM Systems,LM Systems,https://www.maktekfuari.com/en/exhibitor-list?page=48,https://www.maktekfuari.com/en/brand/lm-lineer-motor-sistemleri-ismail-cem-asci-harun-kilicsal
LM Systems,Türki̇ye,6,607A,,,https://www.maktekfuari.com/en/exhibitor-list?page=48,https://www.maktekfuari.com/en/brand/lm-systems
LMT Tool Systems GmbH & Co. KG,Germany,12A,12,,,https://www.maktekfuari.com/en/exhibitor-list?page=48,https://www.maktekfuari.com/en/brand/lmt-tool-systems-gmbh-co-kg
Loroch GmbH,Germany,11,1129,,,https://www.maktekfuari.com/en/exhibitor-list?page=48,https://www.maktekfuari.com/en/brand/loroch-gmbh
LOTHBROG MAKİNE LTD.ŞTİ.,Türki̇ye,11A,29,Lothbrog Makine,GWEIKE LASER,https://www.maktekfuari.com/en/exhibitor-list?page=48,https://www.maktekfuari.com/en/brand/lothbrog-makine-ltdsti
LUBO,South Korea,11,1158,,,https://www.maktekfuari.com/en/exhibitor-list?page=48,https://www.maktekfuari.com/en/brand/lubo
"LUCKYMFC TECHNOLOGY (SHENZHEN) CO.,LTD.",China,12A,60E,,,https://www.maktekfuari.com/en/exhibitor-list?page=48,https://www.maktekfuari.com/en/brand/luckymfc-technology-shenzhen-coltd
LV INTERNATIONAL CO. LTD.,Tayvan,9,901C,"LV INTERNATIONAL CO., LTD.",,https://www.maktekfuari.com/en/exhibitor-list?page=48,https://www.maktekfuari.com/en/brand/lv-international-co-ltd
LVD,Belgium,3,317A,,,https://www.maktekfuari.com/en/exhibitor-list?page=48,https://www.maktekfuari.com/en/brand/lvd
LX Cutting Machine,China,1,103,,,https://www.maktekfuari.com/en/exhibitor-list?page=48,https://www.maktekfuari.com/en/brand/lx-cutting-machine
"LZK CNC MACHINE TOOL(ANHUI) MANUFACTURING CO.,LTD.",China,11A,32B,LZKCNC,,https://www.maktekfuari.com/en/exhibitor-list?page=48,https://www.maktekfuari.com/en/brand/lzk-cnc-machine-toolanhui-manufacturing-coltd
"MAANSHAN FANGWEI PRESS BRAKE TOOLING CO., LTD.",China,12A,79A,"Maanshan Fangwei Press Brake Tooling Co., Ltd.","Maanshan Fangwei Press Brake Tooling Co.,Ltd.",https://www.maktekfuari.com/en/exhibitor-list?page=48,https://www.maktekfuari.com/en/brand/maanshan-fangwei-press-brake-tooling-co-ltd
"Maanshan Fangwei Press Brake Tooling Co.,Ltd.",China,12A,79A,,,https://www.maktekfuari.com/en/exhibitor-list?page=49,https://www.maktekfuari.com/en/brand/maanshan-fangwei-press-brake-tooling-coltd
"MAANSHAN GOLIN PRESS BRAKE TOOLING CO., LTD.",China,12A,59B,,,https://www.maktekfuari.com/en/exhibitor-list?page=49,https://www.maktekfuari.com/en/brand/maanshan-golin-press-brake-tooling-co-ltd
MAC BENDING DIŞ TİCARET A.Ş.,Türki̇ye,2,211,Mac Machines,,https://www.maktekfuari.com/en/exhibitor-list?page=49,https://www.maktekfuari.com/en/brand/mac-bending-dis-ticaret-as
MAEN MAKİNE ENDÜSTRİ OTOMOTİV YENİLENEBİLİR ENERJİ İNŞAAT NAKLİYE İMALAT İTHALAT İHRACAT SANAYİ VE TİCARET LİMİTED ŞİRKETİ,Türki̇ye,12A,14,,,https://www.maktekfuari.com/en/exhibitor-list?page=49,https://www.maktekfuari.com/en/brand/maen-makine-endustri-otomotiv-yenilenebilir-enerji-insaat-nakliye-imalat-ithalat-ihracat-sanayi-ve-ticaret-limited-sirketi
MAG IAS GMBH,Germany,6,605,"MAG IAS GmbH, Hessapp GmbH, VDF Boehringer GmbH, Fair Friend Group (FFG), Witzig & Frank - Pfiffner GmbH, Morara, Tacchella",,https://www.maktekfuari.com/en/exhibitor-list?page=49,https://www.maktekfuari.com/en/brand/mag-ias-gmbh
MAGBAT,Belgium,11A,17,,,https://www.maktekfuari.com/en/exhibitor-list?page=49,https://www.maktekfuari.com/en/brand/magbat
MAKEL DIŞ TİCARET A.Ş.,Türki̇ye,5,515,,,https://www.maktekfuari.com/en/exhibitor-list?page=49,https://www.maktekfuari.com/en/brand/makel-dis-ticaret-as
MAKINO,Japan,7,707A,,,https://www.maktekfuari.com/en/exhibitor-list?page=49,https://www.maktekfuari.com/en/brand/makino
MAKİNA İMALATÇILARI BİRLİĞİ DERNEĞİ,Türki̇ye,SalonNo,StandNo,,,https://www.maktekfuari.com/en/exhibitor-list?page=49,https://www.maktekfuari.com/en/brand/makina-imalatcilari-birligi-dernegi
MAKİNA TAKIM ENDÜSTRİSİ A.Ş.,Türki̇ye,11,1120,,,https://www.maktekfuari.com/en/exhibitor-list?page=49,https://www.maktekfuari.com/en/brand/makina-takim-endustrisi-as
MAKPA MAKİNA PAZARLAMA LTD ŞTİ,Türki̇ye,11,1107B,MAKPA-KINIK,KINIK COMPANY,https://www.maktekfuari.com/en/exhibitor-list?page=49,https://www.maktekfuari.com/en/brand/makpa-makina-pazarlama-ltd-sti
MANDELLI,Italy,9,918,,,https://www.maktekfuari.com/en/exhibitor-list?page=49,https://www.maktekfuari.com/en/brand/mandelli
MANFORD MACHINERY,Tayvan,4,403,,,https://www.maktekfuari.com/en/exhibitor-list?page=50,https://www.maktekfuari.com/en/brand/manford-machinery
MANUS YAZILIM MAK. ELEKTRONİK DAN. MÜH. SAN. TİC. A.Ş.,Türki̇ye,12,1211B,,,https://www.maktekfuari.com/en/exhibitor-list?page=50,https://www.maktekfuari.com/en/brand/manus-yazilim-mak-elektronik-dan-muh-san-tic-as
Mark 10,United States,11,1121,,,https://www.maktekfuari.com/en/exhibitor-list?page=50,https://www.maktekfuari.com/en/brand/mark-10
"MARKSMAN JEIL MTECH CO.,LTD. Republic Of Korea",,3,310,,,https://www.maktekfuari.com/en/exhibitor-list?page=50,https://www.maktekfuari.com/en/brand/marksman-jeil-mtech-coltd
Martin Walter Ultraschalltechnik AG,Germany,2,217,,,https://www.maktekfuari.com/en/exhibitor-list?page=50,https://www.maktekfuari.com/en/brand/martin-walter-ultraschalltechnik-ag
Maschinenfabrik Herkules GmbH & Co. KG,Germany,7,710,,,https://www.maktekfuari.com/en/exhibitor-list?page=50,https://www.maktekfuari.com/en/brand/maschinenfabrik-herkules-gmbh-co-kg
MASTER MAKİNE TARIM VE GIDA ÜRÜN. SAN. TİC.LTD.ŞTİ.,Türki̇ye,6,613,,"KNOLL Maschinenbau GmbH, AR Filtazioni S.R.L.",https://www.maktekfuari.com/en/exhibitor-list?page=50,https://www.maktekfuari.com/en/brand/master-makine-tarim-ve-gida-urun-san-ticltdsti
MASTER TEKNİK MAKİNA MÜH.SAN.TİC.LTD.ŞTİ,Türki̇ye,11A,01,,ADH MACHINE TOOLS,https://www.maktekfuari.com/en/exhibitor-list?page=50,https://www.maktekfuari.com/en/brand/master-teknik-makina-muhsanticltdsti
"Mastercam - CNC Software, LLC",United States,8,803,,,https://www.maktekfuari.com/en/exhibitor-list?page=50,https://www.maktekfuari.com/en/brand/mastercam-cnc-software-llc
MATRIX SRL,Italy,3,309,,,https://www.maktekfuari.com/en/exhibitor-list?page=50,https://www.maktekfuari.com/en/brand/matrix-srl
MATSUURA MACHINERY CORPORATION,Japan,7,701 Hall: 7 Booth: 703,,,https://www.maktekfuari.com/en/exhibitor-list?page=50,https://www.maktekfuari.com/en/brand/matsuura-machinery-corporation
MAXPHOTONICS ENDÜSTRİYEL LAZER SİSTEMLERİ SAN. VE TİC. A.Ş.,Türki̇ye,12A,32,Maxphotonics,,https://www.maktekfuari.com/en/exhibitor-list?page=50,https://www.maktekfuari.com/en/brand/maxphotonics-endustriyel-lazer-sistemleri-san-ve-tic-as
MAYIS TASARIM SELÇUK YILDIRIM,Türki̇ye,12,1213,,"ZG Technology, Uniz, OpenTech3D, Hexagon, Carveco",https://www.maktekfuari.com/en/exhibitor-list?page=51,https://www.maktekfuari.com/en/brand/mayis-tasarim-selcuk-yildirim
MB TEKNİK KESİCİ TAKIMLAR LTD. ŞTİ.,Türki̇ye,12A,01,,,https://www.maktekfuari.com/en/exhibitor-list?page=51,https://www.maktekfuari.com/en/brand/mb-teknik-kesici-takimlar-ltd-sti
MCİ KESİCİ TAKIMLAR A.Ş.,Türki̇ye,12,1231,Mci Tool,,https://www.maktekfuari.com/en/exhibitor-list?page=51,https://www.maktekfuari.com/en/brand/mci-kesici-takimlar-as
ME MEKATRONİK MÜHENDİSLERİ DERNEĞİ İSTANBUL ŞUBESİ,Türki̇ye,SalonNo,StandNo,,,https://www.maktekfuari.com/en/exhibitor-list?page=51,https://www.maktekfuari.com/en/brand/mekatronik-muhendisleri-dernegi-istanbul-subesi
ME MELTIO 3D PRINTING,Spain,5,505,,,https://www.maktekfuari.com/en/exhibitor-list?page=52,https://www.maktekfuari.com/en/brand/meltio-3d-printing
ME METAL MEDYA BİLİŞİM REK. DAN. HİZ. - SUZAN ASLAN,Türki̇ye,SalonNo,StandNo,,,https://www.maktekfuari.com/en/exhibitor-list?page=52,https://www.maktekfuari.com/en/brand/metal-medya-bilisim-rek-dan-hiz-suzan-aslan
ME METALİX CADCAM YAZILIM DONANIM VE DANIŞMANLIK SAN. TİC. LTD. ŞTİ.,Türki̇ye,11A,53,METALIX,METALİX CAD/CAM LTD,https://www.maktekfuari.com/en/exhibitor-list?page=52,https://www.maktekfuari.com/en/brand/metalix-cadcam-yazilim-donanim-ve-danismanlik-san-tic-ltd-sti
MECHATRON METAL MAKİNA SAN. VE TİC. A.Ş.,Türki̇ye,11A,47,,,https://www.maktekfuari.com/en/exhibitor-list?page=51,https://www.maktekfuari.com/en/brand/mechatron-metal-makina-san-ve-tic-as
"MECHDARECARE (HUBEI) INDUSTRY CO.,LTD.",China,11A,32D,MECHDAERCARE,,https://www.maktekfuari.com/en/exhibitor-list?page=51,https://www.maktekfuari.com/en/brand/mechdarecare-hubei-industry-coltd
MECTRON INC,Japan,7,705,,,https://www.maktekfuari.com/en/exhibitor-list?page=51,https://www.maktekfuari.com/en/brand/mectron-inc
Mega,Tayvan,7,701 Hall: 7 Booth: 703,,,https://www.maktekfuari.com/en/exhibitor-list?page=51,https://www.maktekfuari.com/en/brand/mega
MEGA ELEKTRONİK VE TALAŞLI İMALAT MAK. TİC. A.Ş.,Türki̇ye,8,801/807,,"DN SOLUTIONS, SMG Gear Cutting",https://www.maktekfuari.com/en/exhibitor-list?page=51,https://www.maktekfuari.com/en/brand/mega-elektronik-ve-talasli-imalat-mak-tic-as
MEHMET ÖZEN MAKİNE SAN. VE TİC. A.Ş.,Türki̇ye,2,208,,,https://www.maktekfuari.com/en/exhibitor-list?page=51,https://www.maktekfuari.com/en/brand/mehmet-ozen-makine-san-ve-tic-as
"MEIGELI (ZHEJIANG) TECHNOLOGY CO., LTD",China,12A,60F-2,MGL,,https://www.maktekfuari.com/en/exhibitor-list?page=51,https://www.maktekfuari.com/en/brand/meigeli-zhejiang-technology-co-ltd
MEKOTEK MAKİNE SAN VE TİC. A.Ş.,Türki̇ye,11A,30,,,https://www.maktekfuari.com/en/exhibitor-list?page=51,https://www.maktekfuari.com/en/brand/mekotek-makine-san-ve-tic-as
Melchiorre S.r.l.,Italy,11,1129,,,https://www.maktekfuari.com/en/exhibitor-list?page=52,https://www.maktekfuari.com/en/brand/melchiorre-srl
MERT SARF MALZEME VE MAKİNA SANAYİ TİC. LTD. ŞTİ.,Türki̇ye,1,103,MERT SARF MALZEMELERİ,"STM SAINT MACHINERY, SINICO, WOOYOUNG INDUSTRY CO.,LTD, IWATA SAW MFG CO., LTD., LX Cutting Machine",https://www.maktekfuari.com/en/exhibitor-list?page=52,https://www.maktekfuari.com/en/brand/mert-sarf-malzeme-ve-makina-sanayi-tic-ltd-sti
MERTA PREFABRİK VE MAK SAN VE TİC LTD ŞTİ,Türki̇ye,6,620,,"Hoffmann, Mixtron, Exomist, Seim",https://www.maktekfuari.com/en/exhibitor-list?page=52,https://www.maktekfuari.com/en/brand/merta-prefabrik-ve-mak-san-ve-tic-ltd-sti
Metabo,Germany,4,404,,,https://www.maktekfuari.com/en/exhibitor-list?page=52,https://www.maktekfuari.com/en/brand/metabo
METAFORGEX MAKİNA SAN.TİC.LTD.ŞTİ.,Türki̇ye,11A,28,UMS,,https://www.maktekfuari.com/en/exhibitor-list?page=52,https://www.maktekfuari.com/en/brand/metaforgex-makina-santicltdsti
METALİX CAD/CAM LTD Israel,,11A,53,,,https://www.maktekfuari.com/en/exhibitor-list?page=52,https://www.maktekfuari.com/en/brand/metalix-cadcam-ltd
METROLOGIC DSC,France,6,601,,,https://www.maktekfuari.com/en/exhibitor-list?page=52,https://www.maktekfuari.com/en/brand/metrologic-dsc
METROPOL SOFT BİLGİ TEKN. SAN. VE TİC. LTD. ŞTİ.,Türki̇ye,12,1211A,"SOLIDWORKS, EDGECAM, WORKNC","HEXAGON, DASSAULT SYSTEMES",https://www.maktekfuari.com/en/exhibitor-list?page=52,https://www.maktekfuari.com/en/brand/metropol-soft-bilgi-tekn-san-ve-tic-ltd-sti
METSAN MAKİNE SAN. VE TİC. A.Ş.,Türki̇ye,11A,44,,,https://www.maktekfuari.com/en/exhibitor-list?page=52,https://www.maktekfuari.com/en/brand/metsan-makine-san-ve-tic-as
Microcut Ltd,Switzerland,5,503 B,,,https://www.maktekfuari.com/en/exhibitor-list?page=53,https://www.maktekfuari.com/en/brand/microcut-ltd
MIKRON SA AGNO,Switzerland,5,504,,,https://www.maktekfuari.com/en/exhibitor-list?page=53,https://www.maktekfuari.com/en/brand/mikron-sa-agno
Millstar,Tayvan,7,701 Hall: 7 Booth: 703,,,https://www.maktekfuari.com/en/exhibitor-list?page=53,https://www.maktekfuari.com/en/brand/millstar
MILLUTENSIL,Italy,10,1005 Hall: 10 Booth: 1015,,,https://www.maktekfuari.com/en/exhibitor-list?page=53,https://www.maktekfuari.com/en/brand/millutensil
mimatic GmbH,Germany,12A,07,,,https://www.maktekfuari.com/en/exhibitor-list?page=53,https://www.maktekfuari.com/en/brand/mimatic-gmbh
Minitor Sfida,Japan,11,1157,,,https://www.maktekfuari.com/en/exhibitor-list?page=53,https://www.maktekfuari.com/en/brand/minitor-sfida
MIRKA SA,Finland,11,1109,,,https://www.maktekfuari.com/en/exhibitor-list?page=53,https://www.maktekfuari.com/en/brand/mirka-sa
MITEC s.a.s. di Viviani Maurizio & C.,Italy,2,217,,,https://www.maktekfuari.com/en/exhibitor-list?page=54,https://www.maktekfuari.com/en/brand/mitec-sas-di-viviani-maurizio-c
MITSUBISHI ELECTRIC EUROPE B.V,Japan,3,310,,,https://www.maktekfuari.com/en/exhibitor-list?page=54,https://www.maktekfuari.com/en/brand/mitsubishi-electric-europe-bv
MITUTOYO,Japan,11,1147 - 1146,,,https://www.maktekfuari.com/en/exhibitor-list?page=54,https://www.maktekfuari.com/en/brand/mitutoyo
Mixtron,Italy,6,620,,,https://www.maktekfuari.com/en/exhibitor-list?page=54,https://www.maktekfuari.com/en/brand/mixtron
MIYANO MACHINERY,Japan,7,705,,,https://www.maktekfuari.com/en/exhibitor-list?page=54,https://www.maktekfuari.com/en/brand/miyano-machinery
MİKRON CNC TAK. TEZ. MÜH. BİL. TAS. PRO. SİS. TİC. LTD. ŞTİ.,Türki̇ye,5,511,Mikron CNC Edm Teknoloji,"SPM CO. LTD, NEUAR PRECISION MACHINERY CO. LTD, CASTEK Mechatron Ind. Co., Ltd., Jagular Industry Ltd.Taiwan, JIANGSU SAMMLITE MACHINERY CO.,LTD., PERFECT MACHINE CO., LTD., DELTA S.R.I.",https://www.maktekfuari.com/en/exhibitor-list?page=53,https://www.maktekfuari.com/en/brand/mikron-cnc-tak-tez-muh-bil-tas-pro-sis-tic-ltd-sti
MİKRON OTOMASYON VE MAKİNA BURCU BULUT,Türki̇ye,11,1136,,"MTS AG, GDS Präzisionszerspanungs GmbH, SMP Technik",https://www.maktekfuari.com/en/exhibitor-list?page=53,https://www.maktekfuari.com/en/brand/mikron-otomasyon-ve-makina-burcu-bulut
MİKSAN MOTOR SAN. VE TİC. A.Ş.,Türki̇ye,10,1007,,,https://www.maktekfuari.com/en/exhibitor-list?page=53,https://www.maktekfuari.com/en/brand/miksan-motor-san-ve-tic-as
MİLTAŞ KESİCİ TAKIM HAVACILIK VE SAVUNMA SAN. TİC. LTD. ŞTİ.,Türki̇ye,11 / 2,1104 - 200A,,,https://www.maktekfuari.com/en/exhibitor-list?page=53,https://www.maktekfuari.com/en/brand/miltas-kesici-takim-havacilik-ve-savunma-san-tic-ltd-sti
MİMART YAYINCILIK VE ORG. SAN. TİC. LTD. ŞTİ.,Türki̇ye,SalonNo,StandNo,,,https://www.maktekfuari.com/en/exhibitor-list?page=53,https://www.maktekfuari.com/en/brand/mimart-yayincilik-ve-org-san-tic-ltd-sti
MİT CNC MAKİNA VE İMALAT TEKNOLOJİLERİ SAN. TİC. LTD. ŞTİ.,Türki̇ye,5,517,"GFIR, COSMOS, BQ","COSMOS, GFIR, BQ",https://www.maktekfuari.com/en/exhibitor-list?page=54,https://www.maktekfuari.com/en/brand/mit-cnc-makina-ve-imalat-teknolojileri-san-tic-ltd-sti
MİTACAN DIŞ TİCARET VE OTOMOTİV A.Ş.,Türki̇ye,11,1102B,,,https://www.maktekfuari.com/en/exhibitor-list?page=54,https://www.maktekfuari.com/en/brand/mitacan-dis-ticaret-ve-otomotiv-as
"MLTOR CNC TECHNOLOGY CO.,LTD.",China,12A,82,,,https://www.maktekfuari.com/en/exhibitor-list?page=54,https://www.maktekfuari.com/en/brand/mltor-cnc-technology-coltd
MODUL MT VERZAHNTECHNIK GMBH,Germany,6,630E,Modul MT Verzahntechnik GmbH,,https://www.maktekfuari.com/en/exhibitor-list?page=54,https://www.maktekfuari.com/en/brand/modul-mt-verzahntechnik-gmbh
MONNIER AND ZAHNER AG,Switzerland,6,624,Monnier + Zahner AG,,https://www.maktekfuari.com/en/exhibitor-list?page=54,https://www.maktekfuari.com/en/brand/monnier-and-zahner-ag
Motul & Motultech,France,6,623,,,https://www.maktekfuari.com/en/exhibitor-list?page=54,https://www.maktekfuari.com/en/brand/motul-motultech
MOTUL TR İLERİ TEKNOLOJİ OTOMOTİV VE ENDÜSTRİ YAĞLARI TİCARET A.Ş.,Türki̇ye,6,623,Motul & Motultech,Motul & Motultech,https://www.maktekfuari.com/en/exhibitor-list?page=55,https://www.maktekfuari.com/en/brand/motul-tr-ileri-teknoloji-otomotiv-ve-endustri-yaglari-ticaret-as
MOĞOLLAR MAKİNA DIŞ TİC.DENİZCİLİK LTD.ŞTİ.,Türki̇ye,2,215,Mogollar Makina,"Top Stability Machine Industry Co Ltd, I-Twin Industrial, Producer Co Ltd",https://www.maktekfuari.com/en/exhibitor-list?page=54,https://www.maktekfuari.com/en/brand/mogollar-makina-dis-ticdenizcilik-ltdsti
MRP BİLGİ TEKNOLOJİLERİ SAN. VE TİC. A.Ş.,Türki̇ye,SalonNo,StandNo,,,https://www.maktekfuari.com/en/exhibitor-list?page=55,https://www.maktekfuari.com/en/brand/mrp-bilgi-teknolojileri-san-ve-tic-as
MST Corporation,Japan,11,1178,,,https://www.maktekfuari.com/en/exhibitor-list?page=55,https://www.maktekfuari.com/en/brand/mst-corporation
MTA S.p.A. a socio unico,Italy,11A,06,,,https://www.maktekfuari.com/en/exhibitor-list?page=55,https://www.maktekfuari.com/en/brand/mta-spa-a-socio-unico
MTS AG,Switzerland,11,1136,,,https://www.maktekfuari.com/en/exhibitor-list?page=55,https://www.maktekfuari.com/en/brand/mts-ag
MUBEA TELLERFEDERN GMBH,Germany,2,225A,,,https://www.maktekfuari.com/en/exhibitor-list?page=55,https://www.maktekfuari.com/en/brand/mubea-tellerfedern-gmbh
MURAT KÖSE,Türki̇ye,SalonNo,StandNo,"STEELTURK, STEELTURK",,https://www.maktekfuari.com/en/exhibitor-list?page=55,https://www.maktekfuari.com/en/brand/murat-kose
MURATEC,Japan,3,310,,,https://www.maktekfuari.com/en/exhibitor-list?page=55,https://www.maktekfuari.com/en/brand/muratec
MUSTAFA ŞİMŞEK MAKİNE SAN. VE TİC. LTD. ŞTİ.,Türki̇ye,11,1161,SMOXH Cutting Tools,SMOXH CUTTING TOOLS,https://www.maktekfuari.com/en/exhibitor-list?page=55,https://www.maktekfuari.com/en/brand/mustafa-simsek-makine-san-ve-tic-ltd-sti
MUSTEK TAKIM TEZGAHLARI SAN VE TİC LTD ŞTİ,Türki̇ye,8,806B,,,https://www.maktekfuari.com/en/exhibitor-list?page=55,https://www.maktekfuari.com/en/brand/mustek-takim-tezgahlari-san-ve-tic-ltd-sti
MVD İNAN TAKIM TEZGAHLARI SAN A.Ş.,Türki̇ye,11A,18 Hall: 3 Booth: 308,,,https://www.maktekfuari.com/en/exhibitor-list?page=55,https://www.maktekfuari.com/en/brand/mvd-inan-takim-tezgahlari-san-as
MYDAY,Tayvan,9,918,,,https://www.maktekfuari.com/en/exhibitor-list?page=55,https://www.maktekfuari.com/en/brand/myday
MYK CNC MAK SAN VE MÜH DIŞ TİC AŞ,Türki̇ye,11,1172,,"WTO Werkzeug-Einrichtungen GmbH, WTO Werkzeug-Einrichtungen GmbH",https://www.maktekfuari.com/en/exhibitor-list?page=56,https://www.maktekfuari.com/en/brand/myk-cnc-mak-san-ve-muh-dis-tic-as
NA NANJING AURORA LASER TECHNOLOGY CO. LTD,Türki̇ye,12A,69G,,,https://www.maktekfuari.com/en/exhibitor-list?page=56,https://www.maktekfuari.com/en/brand/nanjing-aurora-laser-technology-co-ltd
"NA NANJING GUNNAR MACHINE TOOL CO., LTD",Türki̇ye,12A,69F,,,https://www.maktekfuari.com/en/exhibitor-list?page=56,https://www.maktekfuari.com/en/brand/nanjing-gunnar-machine-tool-co-ltd
"NA NANJING KERUN LUBRICANTS CO.,LTD.",Türki̇ye,9,900B,,,https://www.maktekfuari.com/en/exhibitor-list?page=56,https://www.maktekfuari.com/en/brand/nanjing-kerun-lubricants-coltd
"NA NANJING TECHNICAL EQUIPMENT MANUFACTURE CO., LTD.",Türki̇ye,12A,70A,,,https://www.maktekfuari.com/en/exhibitor-list?page=56,https://www.maktekfuari.com/en/brand/nanjing-technical-equipment-manufacture-co-ltd
NACHI,Japan,11,1117,,,https://www.maktekfuari.com/en/exhibitor-list?page=56,https://www.maktekfuari.com/en/brand/nachi
NACHREINER – SPANABHEBENDE WERKZEUGE,Germany,12A,25,,,https://www.maktekfuari.com/en/exhibitor-list?page=56,https://www.maktekfuari.com/en/brand/nachreiner-spanabhebende-werkzeuge
Nakamura Tome,Japan,7,707B,,,https://www.maktekfuari.com/en/exhibitor-list?page=56,https://www.maktekfuari.com/en/brand/nakamura-tome
"NAKAMURA-TOME PRECISION INDUSTRY CO., LTD.",Japan,8,812,,,https://www.maktekfuari.com/en/exhibitor-list?page=56,https://www.maktekfuari.com/en/brand/nakamura-tome-precision-industry-co-ltd
NAKANISHI,Japan,10,1005 Hall: 10 Booth: 1015,,,https://www.maktekfuari.com/en/exhibitor-list?page=56,https://www.maktekfuari.com/en/brand/nakanishi
NANJING PRASTEEL INDUSTRIAL CO. LTD,China,12A,70D,,,https://www.maktekfuari.com/en/exhibitor-list?page=56,https://www.maktekfuari.com/en/brand/nanjing-prasteel-industrial-co-ltd
"NANJING STARTNOW OPTO-ELECTRONICS CO., LTD.",China,12A,71B,STARTNOW,,https://www.maktekfuari.com/en/exhibitor-list?page=56,https://www.maktekfuari.com/en/brand/nanjing-startnow-opto-electronics-co-ltd
NANO KESİCİ TAKIMLAR LTD.ŞTİ.,Türki̇ye,11,1153,,,https://www.maktekfuari.com/en/exhibitor-list?page=57,https://www.maktekfuari.com/en/brand/nano-kesici-takimlar-ltdsti
"NAREX Zdánice, spol. s r.o.",Czech Republic,11,1148A,,,https://www.maktekfuari.com/en/exhibitor-list?page=57,https://www.maktekfuari.com/en/brand/narex-zdanice-spol-s-ro
NATROTEK TAKIM TEZGAHLARI SAN. VE TİC. LTD. ŞTİ.,Türki̇ye,5,505,NPRO,MELTIO 3D PRINTING,https://www.maktekfuari.com/en/exhibitor-list?page=57,https://www.maktekfuari.com/en/brand/natrotek-takim-tezgahlari-san-ve-tic-ltd-sti
NATSU MAKİNA İNŞAAT İNŞ. MLZ. SAN. TİC. A. Ş.,Türki̇ye,11A,46,,,https://www.maktekfuari.com/en/exhibitor-list?page=57,https://www.maktekfuari.com/en/brand/natsu-makina-insaat-ins-mlz-san-tic-a-s
NCG CAM Solutions Ltd,İngi̇ltere,5,508,,,https://www.maktekfuari.com/en/exhibitor-list?page=57,https://www.maktekfuari.com/en/brand/ncg-cam-solutions-ltd
NEHER DIA.,Germany,11,1171,,,https://www.maktekfuari.com/en/exhibitor-list?page=57,https://www.maktekfuari.com/en/brand/neher-dia
Neidlein,Germany,11,1156,,,https://www.maktekfuari.com/en/exhibitor-list?page=57,https://www.maktekfuari.com/en/brand/neidlein
NEO DRESS AG,Switzerland,12,1210A,,,https://www.maktekfuari.com/en/exhibitor-list?page=57,https://www.maktekfuari.com/en/brand/neo-dress-ag
NEUAR PRECISION MACHINERY CO. LTD,Tayvan,5,511,,,https://www.maktekfuari.com/en/exhibitor-list?page=57,https://www.maktekfuari.com/en/brand/neuar-precision-machinery-co-ltd
NEUWERK TOOLS,Italy,12A,36,,,https://www.maktekfuari.com/en/exhibitor-list?page=57,https://www.maktekfuari.com/en/brand/neuwerk-tools
"NEWSERIM TECH Co.,Ltd",South Korea,12A,07,,,https://www.maktekfuari.com/en/exhibitor-list?page=57,https://www.maktekfuari.com/en/brand/newserim-tech-coltd
NEWTOP GROUP LLC,United States,6,630B,,,https://www.maktekfuari.com/en/exhibitor-list?page=57,https://www.maktekfuari.com/en/brand/newtop-group-llc
NEXTURN CO.,South Korea,7,701 Hall: 7 Booth: 703,,,https://www.maktekfuari.com/en/exhibitor-list?page=58,https://www.maktekfuari.com/en/brand/nexturn-co
NGK BERYLCO FRANCE,France,1,108,,,https://www.maktekfuari.com/en/exhibitor-list?page=58,https://www.maktekfuari.com/en/brand/ngk-berylco-france
NGL Cleaning Technology SA,Switzerland,11A,06,,,https://www.maktekfuari.com/en/exhibitor-list?page=58,https://www.maktekfuari.com/en/brand/ngl-cleaning-technology-sa
NIDEC CORPORATION,Japan,8,812,,,https://www.maktekfuari.com/en/exhibitor-list?page=58,https://www.maktekfuari.com/en/brand/nidec-corporation
"Ningbo Oturn Machinery Co., Ltd.",China,7,710,,,https://www.maktekfuari.com/en/exhibitor-list?page=58,https://www.maktekfuari.com/en/brand/ningbo-oturn-machinery-co-ltd
"NINGBO SANHAN ALLOY MATERIAL CO.,LTD.",China,12A,19 Hall: 12A Booth: 55,,,https://www.maktekfuari.com/en/exhibitor-list?page=58,https://www.maktekfuari.com/en/brand/ningbo-sanhan-alloy-material-coltd
NİKKEN KESİCİ TAK.SAN.VE ULUS.TİC.AŞ.,Türki̇ye,11,1117,"Elbo Controlli NIKKEN, NIKKEN","Triag International AG, Elbo Controlli Nikken, Pibomulti S.A., Alberti, NACHI",https://www.maktekfuari.com/en/exhibitor-list?page=58,https://www.maktekfuari.com/en/brand/nikken-kesici-taksanve-ulusticas
NOBAG Nobs Engineering AG,Switzerland,2,217,,,https://www.maktekfuari.com/en/exhibitor-list?page=58,https://www.maktekfuari.com/en/brand/nobag-nobs-engineering-ag
NOMURA DS,South Korea,10,1005 Hall: 10 Booth: 1015,,,https://www.maktekfuari.com/en/exhibitor-list?page=58,https://www.maktekfuari.com/en/brand/nomura-ds
Norelem,Germany,11,1156,,,https://www.maktekfuari.com/en/exhibitor-list?page=58,https://www.maktekfuari.com/en/brand/norelem
NORKVEN ENERJİ SAN. VE TİC. A.Ş.,Türki̇ye,11A,41,NORKVEN,Socomec,https://www.maktekfuari.com/en/exhibitor-list?page=58,https://www.maktekfuari.com/en/brand/norkven-enerji-san-ve-tic-as
Nova Grup Vices Romania,,12A,07,,,https://www.maktekfuari.com/en/exhibitor-list?page=58,https://www.maktekfuari.com/en/brand/nova-grup-vices
NOVA TESTERE MAK. SAN. VE TİC. LTD. ŞTİ.,Türki̇ye,2,214A,Venüs,BUSATEC,https://www.maktekfuari.com/en/exhibitor-list?page=59,https://www.maktekfuari.com/en/brand/nova-testere-mak-san-ve-tic-ltd-sti
"NS MAQUINAS Industriais, Lda.",Portugal,3,310,,,https://www.maktekfuari.com/en/exhibitor-list?page=59,https://www.maktekfuari.com/en/brand/ns-maquinas-industriais-lda
NT INDUSTRIAL AUTOMATION SYSTEM LTD,China,12A,48C,,,https://www.maktekfuari.com/en/exhibitor-list?page=59,https://www.maktekfuari.com/en/brand/nt-industrial-automation-system-ltd
NTN,Japan,9,908,,,https://www.maktekfuari.com/en/exhibitor-list?page=59,https://www.maktekfuari.com/en/brand/ntn
NUKON LAZER MAKİNA METAL SAN. VE TİC. A.Ş.,Türki̇ye,3,305,,,https://www.maktekfuari.com/en/exhibitor-list?page=59,https://www.maktekfuari.com/en/brand/nukon-lazer-makina-metal-san-ve-tic-as
NÜMERİK KONTROL GRUP BİLGİSAYAR SANAYİ VE TİCARET ANONİM ŞİRKETİ,Türki̇ye,12,1212,"VISI, MACHINING STRATEGIST, NCSIMUL, PEPS, STAMPACK XPRESS",HEXAGON,https://www.maktekfuari.com/en/exhibitor-list?page=59,https://www.maktekfuari.com/en/brand/numerik-kontrol-grup-bilgisayar-sanayi-ve-ticaret-anonim-sirketi
Oberlin Filter Company,United States,11,1129,,,https://www.maktekfuari.com/en/exhibitor-list?page=59,https://www.maktekfuari.com/en/brand/oberlin-filter-company
OKK CORPORATION,Japan,8,812,,,https://www.maktekfuari.com/en/exhibitor-list?page=59,https://www.maktekfuari.com/en/brand/okk-corporation
Okuma Europe GmbH,Germany,7,708,,,https://www.maktekfuari.com/en/exhibitor-list?page=59,https://www.maktekfuari.com/en/brand/okuma-europe-gmbh
OMAX,United States,11A,17,,,https://www.maktekfuari.com/en/exhibitor-list?page=59,https://www.maktekfuari.com/en/brand/omax
OMCA,Italy,11A,17,,,https://www.maktekfuari.com/en/exhibitor-list?page=59,https://www.maktekfuari.com/en/brand/omca
OMSG / CARLO BANFI,Italy,9,918,,,https://www.maktekfuari.com/en/exhibitor-list?page=59,https://www.maktekfuari.com/en/brand/omsg-carlo-banfi
ONA,Spain,7,707B,,,https://www.maktekfuari.com/en/exhibitor-list?page=60,https://www.maktekfuari.com/en/brand/ona
ONE CLICK METAL,Germany,10,1005 Hall: 10 Booth: 1015,,,https://www.maktekfuari.com/en/exhibitor-list?page=60,https://www.maktekfuari.com/en/brand/one-click-metal
ONPLUS TEKNOLOJİ HİZMETLERİ DANIŞMANLIK VE DIŞ TİC. A.Ş.,Türki̇ye,5,504,"WFL MILLTURN Technologies, PAMA S.p.A., Hyperlean, HNK Machine Tool Co. Ltd., KISSsoft, Mikron Machining, TAJMAC GROUP","HNK MACHINE TOOL CO.LTD., KISSsoft AG, WFL MILLTURN TECHNOLOGIES GmbH & Co.KG, MIKRON SA AGNO, PAMA S.p.A., Hyperlean, TAJMAC GROUP",https://www.maktekfuari.com/en/exhibitor-list?page=60,https://www.maktekfuari.com/en/brand/onplus-teknoloji-hizmetleri-danismanlik-ve-dis-tic-as
ONUR TEKNİK HIRDAVAT İTH. İHR. SAN. TİC. LTD. ŞTİ,Türki̇ye,11,1143,,ZHUZHOU HUARUI PRECISION CUTTING TOOLS,https://www.maktekfuari.com/en/exhibitor-list?page=60,https://www.maktekfuari.com/en/brand/onur-teknik-hirdavat-ith-ihr-san-tic-ltd-sti
OpenTech3D,Italy,12,1213,,,https://www.maktekfuari.com/en/exhibitor-list?page=60,https://www.maktekfuari.com/en/brand/opentech3d
OPTIBELT,Germany,9,908,,,https://www.maktekfuari.com/en/exhibitor-list?page=60,https://www.maktekfuari.com/en/brand/optibelt
OPTO DIŞ TİC. LTD. ŞTİ.,Türki̇ye,11A,21,,,https://www.maktekfuari.com/en/exhibitor-list?page=60,https://www.maktekfuari.com/en/brand/opto-dis-tic-ltd-sti
ORSKOREA LLC.,South Korea,6,611,,,https://www.maktekfuari.com/en/exhibitor-list?page=60,https://www.maktekfuari.com/en/brand/orskorea-llc
ORTADOĞU RULMAN SAN. VE TİC A.Ş.,Türki̇ye,6,611,ORSKOREA LLC.,ORSKOREA LLC.,https://www.maktekfuari.com/en/exhibitor-list?page=60,https://www.maktekfuari.com/en/brand/ortadogu-rulman-san-ve-tic-as
Oscarmax,Tayvan,7,701 Hall: 7 Booth: 703,,,https://www.maktekfuari.com/en/exhibitor-list?page=60,https://www.maktekfuari.com/en/brand/oscarmax
OSG TURKEY KESİCİ TAKIMLAR SAN. İÇ VE DIŞ TİC.A.Ş,Türki̇ye,11,1127,"OSG, SOMTA, BASS, FIUDI, EX-CELL-O, D’ANDREA, NTK, REGO-FIX","D'ANDREA S.p.A., REGO-FIX AG",https://www.maktekfuari.com/en/exhibitor-list?page=60,https://www.maktekfuari.com/en/brand/osg-turkey-kesici-takimlar-san-ic-ve-dis-ticas
OSTİM TEKNOPARK TEKNOLOJİ GELİŞTİRME BÖLGESİ YÖNETİCİ A.Ş.,Türki̇ye,6,604A,Ostim Teknopark-PROTA,,https://www.maktekfuari.com/en/exhibitor-list?page=60,https://www.maktekfuari.com/en/brand/ostim-teknopark-teknoloji-gelistirme-bolgesi-yonetici-as
Oti Presse,Italy,2,217,,,https://www.maktekfuari.com/en/exhibitor-list?page=61,https://www.maktekfuari.com/en/brand/oti-presse
OTR MAKİNA SAN VE TİC LTD ŞTİ,Türki̇ye,7,708,,Okuma Europe GmbH,https://www.maktekfuari.com/en/exhibitor-list?page=61,https://www.maktekfuari.com/en/brand/otr-makina-san-ve-tic-ltd-sti
OVİS BİLİŞİM TEKNOLOJİLERİ TİC. LTD. ŞTİ,Türki̇ye,6,602,OVİS BİLİŞİM TEKNOLOJİLERİ,"Cincoze, INELMATIC CASTILLA Y LEON SL, ADVENTECH, SINTRONES, SP SİLİCON POWER",https://www.maktekfuari.com/en/exhibitor-list?page=61,https://www.maktekfuari.com/en/brand/ovis-bilisim-teknolojileri-tic-ltd-sti
PA INDUSTRIES,United States,1,108,,,https://www.maktekfuari.com/en/exhibitor-list?page=61,https://www.maktekfuari.com/en/brand/pa-industries
PALMARY MACHINERY CO. LTD,Tayvan,8,805,,,https://www.maktekfuari.com/en/exhibitor-list?page=61,https://www.maktekfuari.com/en/brand/palmary-machinery-co-ltd-1
"PALMARY Machinery Co., Ltd.",Tayvan,7,701 Hall: 7 Booth: 703,,,https://www.maktekfuari.com/en/exhibitor-list?page=61,https://www.maktekfuari.com/en/brand/palmary-machinery-co-ltd
PAMA S.p.A.,Italy,5,504,,,https://www.maktekfuari.com/en/exhibitor-list?page=61,https://www.maktekfuari.com/en/brand/pama-spa
PARAGON,Tayvan,9,918,,,https://www.maktekfuari.com/en/exhibitor-list?page=61,https://www.maktekfuari.com/en/brand/paragon
PARCO MACHINERY FZC,Bi̇rleşi̇k Arap Emi̇rli̇kleri̇,6,630C,,,https://www.maktekfuari.com/en/exhibitor-list?page=61,https://www.maktekfuari.com/en/brand/parco-machinery-fzc
PASS,France,3,317A,,,https://www.maktekfuari.com/en/exhibitor-list?page=62,https://www.maktekfuari.com/en/brand/pass
Paul Dümmel Werkzeugfabrik GmbH,Germany,11,1174A,,,https://www.maktekfuari.com/en/exhibitor-list?page=62,https://www.maktekfuari.com/en/brand/paul-dummel-werkzeugfabrik-gmbh
PBT-AG,Switzerland,2,219,,,https://www.maktekfuari.com/en/exhibitor-list?page=62,https://www.maktekfuari.com/en/brand/pbt-ag
PCE Instruments,İngi̇ltere,11,1121,,,https://www.maktekfuari.com/en/exhibitor-list?page=62,https://www.maktekfuari.com/en/brand/pce-instruments
Peacock,Japan,11,1121,,,https://www.maktekfuari.com/en/exhibitor-list?page=62,https://www.maktekfuari.com/en/brand/peacock
PEMAMO SA,Switzerland,12,1210A,,,https://www.maktekfuari.com/en/exhibitor-list?page=62,https://www.maktekfuari.com/en/brand/pemamo-sa
PEMTec SNC,France,2,217,,,https://www.maktekfuari.com/en/exhibitor-list?page=62,https://www.maktekfuari.com/en/brand/pemtec-snc
"PENTA LASER (WUHAN) CO.,LTD",China,12A,64,PENTA LASER,,https://www.maktekfuari.com/en/exhibitor-list?page=62,https://www.maktekfuari.com/en/brand/penta-laser-wuhan-coltd
"PERFECT MACHINE CO., LTD.",Tayvan,5,511,,,https://www.maktekfuari.com/en/exhibitor-list?page=62,https://www.maktekfuari.com/en/brand/perfect-machine-co-ltd
PERKO SANAYİ ÜRÜNLERİ TİCARETİ ANONİM ŞİRKETİ,Türki̇ye,2,226,"Wikus, Wikus","KWS Chengdu YIBAI Technology Co.,Ltd, WIKUS-Sägenfabrik Wilhelm H. Kullmann GmbH & Co. KG",https://www.maktekfuari.com/en/exhibitor-list?page=62,https://www.maktekfuari.com/en/brand/perko-sanayi-urunleri-ticareti-anonim-sirketi
PERO AG,Germany,2,217,,,https://www.maktekfuari.com/en/exhibitor-list?page=62,https://www.maktekfuari.com/en/brand/pero-ag
PERPA MAKİNA ENDÜSTRİ SANAYİ VE TİC.LTD.ŞTİ.,Türki̇ye,7,709,,"FAR EAST MACHINERY (FEMCO), Litz Hitech Corporation, FERMAT CZ. S.R.O, EUMACH Company Limited, JOBS S.p.A., Rambaudi, Sachman, CTEK TECHNOLOGY CORPORATION",https://www.maktekfuari.com/en/exhibitor-list?page=62,https://www.maktekfuari.com/en/brand/perpa-makina-endustri-sanayi-ve-ticltdsti
Phynix GmbH,Germany,11,1121,,,https://www.maktekfuari.com/en/exhibitor-list?page=63,https://www.maktekfuari.com/en/brand/phynix-gmbh
Pibomulti S.A.,Switzerland,11,1117,,,https://www.maktekfuari.com/en/exhibitor-list?page=63,https://www.maktekfuari.com/en/brand/pibomulti-sa
PIVATIC OY,Finland,3,310,,,https://www.maktekfuari.com/en/exhibitor-list?page=63,https://www.maktekfuari.com/en/brand/pivatic-oy
Pİ DİJİTAL ENDÜSTRİ A.Ş.,Türki̇ye,11A,12,,,https://www.maktekfuari.com/en/exhibitor-list?page=63,https://www.maktekfuari.com/en/brand/pi-dijital-endustri-as
Pİ KESİCİ TAKIM SANAYİ TİCARET LTD.,Türki̇ye,12A,24,FXTOOLS,,https://www.maktekfuari.com/en/exhibitor-list?page=63,https://www.maktekfuari.com/en/brand/pi-kesici-takim-sanayi-ticaret-ltd
PİKSAN CNC METAL İŞLEME SAN VE TİC LTD ŞTİ,Türki̇ye,11,1122A,Toolex,,https://www.maktekfuari.com/en/exhibitor-list?page=63,https://www.maktekfuari.com/en/brand/piksan-cnc-metal-isleme-san-ve-tic-ltd-sti
PİNG JENG MACHINERY INDUSTRY CO LTD,Tayvan,7,712,,,https://www.maktekfuari.com/en/exhibitor-list?page=63,https://www.maktekfuari.com/en/brand/ping-jeng-machinery-industry-co-ltd
PLATIT AG,Switzerland,11,1129,,,https://www.maktekfuari.com/en/exhibitor-list?page=63,https://www.maktekfuari.com/en/brand/platit-ag
PMS MAKİNA VE SERVİS HİZM. SAN. VE TİC. LTD. ŞTİ.,Türki̇ye,10,1009,,"LIEBHERR, SAMAG, KLINGELNBERG, THIELENHAUS, CESARE GALDABINI, HEESS",https://www.maktekfuari.com/en/exhibitor-list?page=63,https://www.maktekfuari.com/en/brand/pms-makina-ve-servis-hizm-san-ve-tic-ltd-sti
Pokolm Frästechnik GmbH & Co. KG,Germany,11,1178,,,https://www.maktekfuari.com/en/exhibitor-list?page=63,https://www.maktekfuari.com/en/brand/pokolm-frastechnik-gmbh-co-kg
Poltava Diamond Tools Ukraine,,11,1110,,,https://www.maktekfuari.com/en/exhibitor-list?page=63,https://www.maktekfuari.com/en/brand/poltava-diamond-tools
POREBA,Poland,9,918,,,https://www.maktekfuari.com/en/exhibitor-list?page=63,https://www.maktekfuari.com/en/brand/poreba
POWERPRESS ENDÜSTRİ MAKİNALARI İTH. İHR. SAN. VE TİC. A.Ş.,Türki̇ye,11A,49,"Yangzhou Metalforming Machine Tool Co., Ltd (YADON), GUANGDONG RUIHUI INTELLIGENT TECHNOLOGY CO., LTD., Huzhou Machine Tool Works Co., Ltd","Yangzhou Metalforming Machine Tool Co., Ltd (YADON), RUIHUI, Huzhou Machine Tool Works Co., Ltd",https://www.maktekfuari.com/en/exhibitor-list?page=64,https://www.maktekfuari.com/en/brand/powerpress-endustri-makinalari-ith-ihr-san-ve-tic-as
PRAISE,Tayvan,9,918,,,https://www.maktekfuari.com/en/exhibitor-list?page=64,https://www.maktekfuari.com/en/brand/praise
PRECISION TSUGAMI,Japan,12,1227,,,https://www.maktekfuari.com/en/exhibitor-list?page=64,https://www.maktekfuari.com/en/brand/precision-tsugami
PRESTİJ YAYINCILIK BASIM HİZ. SAN. VE TİC. LTD. ŞTİ.,Türki̇ye,SalonNo,StandNo,PRESTİJ YAYINCILIK BASIM HİZMETLERİ SAN. VE TİC. LTD. ŞTİ.,,https://www.maktekfuari.com/en/exhibitor-list?page=64,https://www.maktekfuari.com/en/brand/prestij-yayincilik-basim-hiz-san-ve-tic-ltd-sti
PROAKTİF YAZILIM TEKNOLOJİLERİ LTD.ŞTİ.,Türki̇ye,12,1223,,BOBCAD - CAM,https://www.maktekfuari.com/en/exhibitor-list?page=64,https://www.maktekfuari.com/en/brand/proaktif-yazilim-teknolojileri-ltdsti
PROART MÜHENDİSLİK A.Ş,Türki̇ye,11,1171,"TUNGALOY-NTK, FARCUT MÜHENDİSLİK A.Ş, NEHER DIA.","TUNGALOY-NTK, NEHER DIA.",https://www.maktekfuari.com/en/exhibitor-list?page=64,https://www.maktekfuari.com/en/brand/proart-muhendislik-as
PROBEND MAKİNE VE SANAYİ LİMİTED ŞİRKETİ,Türki̇ye,2,219,"Probend, PBT-AG, Kaltenbach GmbH, AMOB S.A, Hauesler A.G","PBT-AG, Kaltenbach Cutting Systems GmbH, AMOB S.A., Haeusler AG",https://www.maktekfuari.com/en/exhibitor-list?page=64,https://www.maktekfuari.com/en/brand/probend-makine-ve-sanayi-limited-sirketi
Producer Co Ltd,Tayvan,2,215,,,https://www.maktekfuari.com/en/exhibitor-list?page=64,https://www.maktekfuari.com/en/brand/producer-co-ltd
PROFİSAN MAKİNA OTOMOTİV NAKLİYE TEMİZLİK MEDYA SANAYİ TİCARET LTD.ŞTİ.,Türki̇ye,SalonNo,StandNo,,,https://www.maktekfuari.com/en/exhibitor-list?page=64,https://www.maktekfuari.com/en/brand/profisan-makina-otomotiv-nakliye-temizlik-medya-sanayi-ticaret-ltdsti
PROLİNE ENERJİ A.Ş.,Türki̇ye,11A,09,,,https://www.maktekfuari.com/en/exhibitor-list?page=64,https://www.maktekfuari.com/en/brand/proline-enerji-as
PROMAK PRES OTOMASYON MAK. SAN VE TIC. LTD. ŞTİ,Türki̇ye,1,108,SUPROTECH,"KTI, PA INDUSTRIES, GOIZPER, FORWELL, BORDIGNON, DIMECO, GPA AUTOMATION, INTERCOM SRL, NGK BERYLCO FRANCE",https://www.maktekfuari.com/en/exhibitor-list?page=64,https://www.maktekfuari.com/en/brand/promak-pres-otomasyon-mak-san-ve-tic-ltd-sti
"PROTH Industrial Co., Ltd.",Tayvan,7,701 Hall: 7 Booth: 703,,,https://www.maktekfuari.com/en/exhibitor-list?page=64,https://www.maktekfuari.com/en/brand/proth-industrial-co-ltd
PUNCH INDUSTRY,China,11,1158,,,https://www.maktekfuari.com/en/exhibitor-list?page=65,https://www.maktekfuari.com/en/brand/punch-industry
PUSH NINGJIANG MACHINE TOOL CO. LTD.,China,9,904C-2,,,https://www.maktekfuari.com/en/exhibitor-list?page=65,https://www.maktekfuari.com/en/brand/push-ningjiang-machine-tool-co-ltd
QINGDAO EAST FIELD MACHINERY CO. LTD. - QINGDAO TOPLINE IMP. AND EXP. CO. LTD.,China,12A,59H,TOPLAND,,https://www.maktekfuari.com/en/exhibitor-list?page=65,https://www.maktekfuari.com/en/brand/qingdao-east-field-machinery-co-ltd-qingdao-topline-imp-and-exp-co-ltd
QIQIHAR HEAVY CNC EQUIPMENT CO LTD,China,12A,59F,"China Qiyi, QIYI",,https://www.maktekfuari.com/en/exhibitor-list?page=65,https://www.maktekfuari.com/en/brand/qiqihar-heavy-cnc-equipment-co-ltd
QUASER MACHINE TOOLS,Tayvan,7,701 Hall: 7 Booth: 703,,,https://www.maktekfuari.com/en/exhibitor-list?page=65,https://www.maktekfuari.com/en/brand/quaser-machine-tools
Quick Jet Machin Co.,Tayvan,7,701 Hall: 7 Booth: 703,,,https://www.maktekfuari.com/en/exhibitor-list?page=65,https://www.maktekfuari.com/en/brand/quick-jet-machin-co
QUIRI HYDROMECANIQUE,France,11,1158,,,https://www.maktekfuari.com/en/exhibitor-list?page=65,https://www.maktekfuari.com/en/brand/quiri-hydromecanique
R KOMPRESÖR MAK SAN VE TİC LTD ŞTİ,Türki̇ye,11A,05,"Filtermist, Donaldson, Kerstar, TST","Filtermist, Kerstar, Donaldson",https://www.maktekfuari.com/en/exhibitor-list?page=65,https://www.maktekfuari.com/en/brand/r-kompresor-mak-san-ve-tic-ltd-sti
R.W.T,Czech Republic,11A,17,,,https://www.maktekfuari.com/en/exhibitor-list?page=65,https://www.maktekfuari.com/en/brand/rwt
RAFAMET,Poland,9,918,,,https://www.maktekfuari.com/en/exhibitor-list?page=65,https://www.maktekfuari.com/en/brand/rafamet
Rambaudi,Italy,7,709,,,https://www.maktekfuari.com/en/exhibitor-list?page=65,https://www.maktekfuari.com/en/brand/rambaudi
RAS REINHARDT MASCHINEBAU GMBH,Germany,3,310,,,https://www.maktekfuari.com/en/exhibitor-list?page=65,https://www.maktekfuari.com/en/brand/ras-reinhardt-maschinebau-gmbh
RE REV MEDYA REKLAM YAYINCILIK LTD. ŞTİ.,Türki̇ye,SalonNo,StandNo,,,https://www.maktekfuari.com/en/exhibitor-list?page=67,https://www.maktekfuari.com/en/brand/rev-medya-reklam-yayincilik-ltd-sti
RECUS LAZER SİSTEMLERİ VE TEKNİK SERVİS HİZ. SAN. TİC. LTD. ŞTİ.,Türki̇ye,12A,26,"RAYCUS FİBER LASER TECHNOLOGİES., LTD.",,https://www.maktekfuari.com/en/exhibitor-list?page=66,https://www.maktekfuari.com/en/brand/recus-lazer-sistemleri-ve-teknik-servis-hiz-san-tic-ltd-sti
REDOKS MÜHENDİSLİK BİLG. KALIP MAK. TAS. SAN.TİC. LTD. ŞTİ.,Türki̇ye,12,1207,,Tebis AG,https://www.maktekfuari.com/en/exhibitor-list?page=66,https://www.maktekfuari.com/en/brand/redoks-muhendislik-bilg-kalip-mak-tas-santic-ltd-sti
REDON TEKNOLOJİ A.Ş.,Türki̇ye,12,1204,,,https://www.maktekfuari.com/en/exhibitor-list?page=66,https://www.maktekfuari.com/en/brand/redon-teknoloji-as
"REEGAO Intelligent Equipment CO.,LTD",China,3,310,,,https://www.maktekfuari.com/en/exhibitor-list?page=66,https://www.maktekfuari.com/en/brand/reegao-intelligent-equipment-coltd
REGO-FIX AG,Switzerland,11,1127,,,https://www.maktekfuari.com/en/exhibitor-list?page=66,https://www.maktekfuari.com/en/brand/rego-fix-ag
REGO-FIX AG.,Switzerland,11,1103,,,https://www.maktekfuari.com/en/exhibitor-list?page=66,https://www.maktekfuari.com/en/brand/rego-fix-ag-1
REHA HİDROLİK MAKİNA İMALAT SANAYİ VE TİCARET LİMİTED ŞİRKETİ,Türki̇ye,1,102,,,https://www.maktekfuari.com/en/exhibitor-list?page=66,https://www.maktekfuari.com/en/brand/reha-hidrolik-makina-imalat-sanayi-ve-ticaret-limited-sirketi
REISHAUER AG,Switzerland,5,503 B,,,https://www.maktekfuari.com/en/exhibitor-list?page=66,https://www.maktekfuari.com/en/brand/reishauer-ag
REMACONTROL SRL,Italy,5,508,,,https://www.maktekfuari.com/en/exhibitor-list?page=66,https://www.maktekfuari.com/en/brand/remacontrol-srl
Renishaw,Germany,11,1121,,,https://www.maktekfuari.com/en/exhibitor-list?page=66,https://www.maktekfuari.com/en/brand/renishaw
"Renishaw plc,",İngi̇ltere,8,806A,,,https://www.maktekfuari.com/en/exhibitor-list?page=66,https://www.maktekfuari.com/en/brand/renishaw-plc
RENİSHAW TEKNOLOJİ ÇÖZÜMLERİ LTD ŞTİ,Türki̇ye,8,806A,,"Renishaw plc,",https://www.maktekfuari.com/en/exhibitor-list?page=67,https://www.maktekfuari.com/en/brand/renishaw-teknoloji-cozumleri-ltd-sti
"RENQIU HUAZHONG MACHINE TOOL TOOLS MANUFACTURING CO., LTD.",China,12A,60G,HZ MOKE,,https://www.maktekfuari.com/en/exhibitor-list?page=67,https://www.maktekfuari.com/en/brand/renqiu-huazhong-machine-tool-tools-manufacturing-co-ltd
René Gerber AG,Switzerland,12,1210A,,,https://www.maktekfuari.com/en/exhibitor-list?page=66,https://www.maktekfuari.com/en/brand/rene-gerber-ag
RESATO HPT,Netherlands,3,310,,,https://www.maktekfuari.com/en/exhibitor-list?page=67,https://www.maktekfuari.com/en/brand/resato-hpt
REZBONAREZNI INSTRUMENTI GABROVO EOOD,Bulgari̇stan,6,634,GWG,,https://www.maktekfuari.com/en/exhibitor-list?page=67,https://www.maktekfuari.com/en/brand/rezbonarezni-instrumenti-gabrovo-eood
RINECK,Germany,11,1181,,,https://www.maktekfuari.com/en/exhibitor-list?page=67,https://www.maktekfuari.com/en/brand/rineck
RINGSPANN | Manufacturer of Power Transmission Components and Clamping Fixtures,Germany,11,1135,,,https://www.maktekfuari.com/en/exhibitor-list?page=67,https://www.maktekfuari.com/en/brand/ringspann-manufacturer-of-power-transmission-components-and-clamping-fixtures
ROBBI GROUP Srl,Italy,9,904F,,,https://www.maktekfuari.com/en/exhibitor-list?page=67,https://www.maktekfuari.com/en/brand/robbi-group-srl
Robert Röntgen GmbH & Co. KG,Germany,11,1151,,,https://www.maktekfuari.com/en/exhibitor-list?page=67,https://www.maktekfuari.com/en/brand/robert-rontgen-gmbh-co-kg
Roemheld,Germany,11,1156,,,https://www.maktekfuari.com/en/exhibitor-list?page=67,https://www.maktekfuari.com/en/brand/roemheld
ROLLOMATIC SA,Switzerland,12,1210A,,,https://www.maktekfuari.com/en/exhibitor-list?page=67,https://www.maktekfuari.com/en/brand/rollomatic-sa
ROMAI ROBERT MAIER GMBH,Germany,11,1156,,,https://www.maktekfuari.com/en/exhibitor-list?page=68,https://www.maktekfuari.com/en/brand/romai-robert-maier-gmbh
Romi,Germany,7,707B,,,https://www.maktekfuari.com/en/exhibitor-list?page=68,https://www.maktekfuari.com/en/brand/romi
Rongsu,China,9,905A,,,https://www.maktekfuari.com/en/exhibitor-list?page=68,https://www.maktekfuari.com/en/brand/rongsu
ROOT MÜHENDİSLİK ROBOTİK OTOMASYON ELK.MAK.SAN.TİC.LTD.ŞTİ,Türki̇ye,12A,15,,,https://www.maktekfuari.com/en/exhibitor-list?page=68,https://www.maktekfuari.com/en/brand/root-muhendislik-robotik-otomasyon-elkmaksanticltdsti
ROSA,Italy,10,1005 Hall: 10 Booth: 1015,,,https://www.maktekfuari.com/en/exhibitor-list?page=68,https://www.maktekfuari.com/en/brand/rosa
ROTHENBERGER TESİSAT ALET VE MAK.SAN.TİC.LTD.ŞTİ.,Türki̇ye,11,1107A,RUKO,,https://www.maktekfuari.com/en/exhibitor-list?page=68,https://www.maktekfuari.com/en/brand/rothenberger-tesisat-alet-ve-maksanticltdsti
RUBY MAKİNA SANAYİ TİCARET ANONİM ŞİRKETİ,Türki̇ye,11A,34,,,https://www.maktekfuari.com/en/exhibitor-list?page=68,https://www.maktekfuari.com/en/brand/ruby-makina-sanayi-ticaret-anonim-sirketi
"RUI ZHI FENG CHI CUTTING TECHNOLOGY (SUZHOU) CO.,LTD",China,12A,69I,RHZ·NT,,https://www.maktekfuari.com/en/exhibitor-list?page=68,https://www.maktekfuari.com/en/brand/rui-zhi-feng-chi-cutting-technology-suzhou-coltd
RUIHUI,China,11A,49,,,https://www.maktekfuari.com/en/exhibitor-list?page=68,https://www.maktekfuari.com/en/brand/ruihui
RÖHM GmbH,Germany,11,1133,,,https://www.maktekfuari.com/en/exhibitor-list?page=67,https://www.maktekfuari.com/en/brand/rohm-gmbh
"SA SAEWON ELECTRONICS.CO.,LTD",Türki̇ye,6,608,,,https://www.maktekfuari.com/en/exhibitor-list?page=68,https://www.maktekfuari.com/en/brand/saewon-electronicscoltd
SA SAĞLIK TEKNİK HIRDAVAT SAN. VE TİC. LTD. ŞTİ.,Türki̇ye,11A,15A,,,https://www.maktekfuari.com/en/exhibitor-list?page=69,https://www.maktekfuari.com/en/brand/saglik-teknik-hirdavat-san-ve-tic-ltd-sti
Sachman,Italy,7,709,,,https://www.maktekfuari.com/en/exhibitor-list?page=68,https://www.maktekfuari.com/en/brand/sachman
SAET S.p.a.,Italy,11,1129,,,https://www.maktekfuari.com/en/exhibitor-list?page=68,https://www.maktekfuari.com/en/brand/saet-spa
SAFANDARLEY B.V,Netherlands,3,310,,,https://www.maktekfuari.com/en/exhibitor-list?page=69,https://www.maktekfuari.com/en/brand/safandarley-bv
Saint Gobain Abrasives GmbH,Germany,11,1180,,,https://www.maktekfuari.com/en/exhibitor-list?page=69,https://www.maktekfuari.com/en/brand/saint-gobain-abrasives-gmbh
SALVAGNINI GROUP,Italy,3,309,,,https://www.maktekfuari.com/en/exhibitor-list?page=69,https://www.maktekfuari.com/en/brand/salvagnini-group
SAMAG,Germany,10,1009,,,https://www.maktekfuari.com/en/exhibitor-list?page=69,https://www.maktekfuari.com/en/brand/samag
SAMCHULLY,United States,9,906,,,https://www.maktekfuari.com/en/exhibitor-list?page=69,https://www.maktekfuari.com/en/brand/samchully
"SAMYOUNG FITTING CO., LTD.",South Korea,6,608,,,https://www.maktekfuari.com/en/exhibitor-list?page=69,https://www.maktekfuari.com/en/brand/samyoung-fitting-co-ltd
SANAYİCİ ÜRÜNLERİ İLAN YAYIN REK. VE PAZ. LTD. ŞTİ.,Türki̇ye,SalonNo,StandNo,,,https://www.maktekfuari.com/en/exhibitor-list?page=69,https://www.maktekfuari.com/en/brand/sanayici-urunleri-ilan-yayin-rek-ve-paz-ltd-sti
SANES PRESSES CO. LTD.,Tayvan,9,901D,"SANES PRESSES CO., LTD",,https://www.maktekfuari.com/en/exhibitor-list?page=69,https://www.maktekfuari.com/en/brand/sanes-presses-co-ltd
SANPA ELEK. MALZ PAZ TİC.VE SAN. LTD. ŞTİ.,Türki̇ye,2,210,,"B.L.M. GROUP, BLM GROUP, GEM WELDING",https://www.maktekfuari.com/en/exhibitor-list?page=69,https://www.maktekfuari.com/en/brand/sanpa-elek-malz-paz-ticve-san-ltd-sti
SARIGÖL KONVEYÖR SİST. MAK. YEDEK PARÇA NAK. İTH. İHR. SAN. VE TİC. LTD. ŞTİ.,Türki̇ye,11A,36,,,https://www.maktekfuari.com/en/exhibitor-list?page=70,https://www.maktekfuari.com/en/brand/sarigol-konveyor-sist-mak-yedek-parca-nak-ith-ihr-san-ve-tic-ltd-sti
satış Grubu Argentina,,11A,02,,,https://www.maktekfuari.com/en/exhibitor-list?page=70,https://www.maktekfuari.com/en/brand/satis-grubu
Sau Tool,Italy,12A,07,,,https://www.maktekfuari.com/en/exhibitor-list?page=70,https://www.maktekfuari.com/en/brand/sau-tool
SAVIM,Italy,9,918,,,https://www.maktekfuari.com/en/exhibitor-list?page=70,https://www.maktekfuari.com/en/brand/savim
SAĞLAMLAR PUNTA KAYNAK OTOM. MAK. SAN. TİC. LTD. ŞTİ.,Türki̇ye,2,223,,,https://www.maktekfuari.com/en/exhibitor-list?page=69,https://www.maktekfuari.com/en/brand/saglamlar-punta-kaynak-otom-mak-san-tic-ltd-sti
Schaublin Machines SA,Switzerland,5,503 B,,,https://www.maktekfuari.com/en/exhibitor-list?page=70,https://www.maktekfuari.com/en/brand/schaublin-machines-sa
Schaublin SA,Switzerland,11,1180,,,https://www.maktekfuari.com/en/exhibitor-list?page=70,https://www.maktekfuari.com/en/brand/schaublin-sa
SCHAUMBURG MAKİNE TEKNOLOJİLERİ İMALATI İÇ VE DIŞ TİC. LTD.ŞTİ.,Türki̇ye,12A,30,SCHAUMBURG MACHINERY TECHNOLOGY,,https://www.maktekfuari.com/en/exhibitor-list?page=70,https://www.maktekfuari.com/en/brand/schaumburg-makine-teknolojileri-imalati-ic-ve-dis-tic-ltdsti
Schumacher & Cie SA,Switzerland,12,1210A,,,https://www.maktekfuari.com/en/exhibitor-list?page=70,https://www.maktekfuari.com/en/brand/schumacher-cie-sa
SCHUNK INTEC BAĞLAMA SİS.VE OTOM.SAN.TİC.LTD.ŞTİ.,Germany,11,1155,,,https://www.maktekfuari.com/en/exhibitor-list?page=70,https://www.maktekfuari.com/en/brand/schunk-intec-baglama-sisve-otomsanticltdsti
Schut,Netherlands,11,1121,,,https://www.maktekfuari.com/en/exhibitor-list?page=70,https://www.maktekfuari.com/en/brand/schut
Schwenk,Germany,11,1121,,,https://www.maktekfuari.com/en/exhibitor-list?page=70,https://www.maktekfuari.com/en/brand/schwenk
SCM Spindle Division,Italy,12A,18A,,,https://www.maktekfuari.com/en/exhibitor-list?page=70,https://www.maktekfuari.com/en/brand/scm-spindle-division
SCM TEKNİK ÜRÜN ALETLER İMALAT SAN.LTD.STİ,Türki̇ye,12A,18A,SCM SPINDLE DIVISION-SCM SPİNDLE MOTOR,"SCM Spindle Division, Effecto Group S.p.A.",https://www.maktekfuari.com/en/exhibitor-list?page=71,https://www.maktekfuari.com/en/brand/scm-teknik-urun-aletler-imalat-sanltdsti
SECKLER AG,Switzerland,12,1210A,,,https://www.maktekfuari.com/en/exhibitor-list?page=71,https://www.maktekfuari.com/en/brand/seckler-ag
Seim,Italy,6,620,,,https://www.maktekfuari.com/en/exhibitor-list?page=71,https://www.maktekfuari.com/en/brand/seim
SEKTÖREL TANITIM GRUBU REKLAMCILIK VE TİC. LTD. ŞTİ.,Türki̇ye,SalonNo,StandNo,SUBCONTURKEY YANSANAYİ GAZETESİ,,https://www.maktekfuari.com/en/exhibitor-list?page=71,https://www.maktekfuari.com/en/brand/sektorel-tanitim-grubu-reklamcilik-ve-tic-ltd-sti
"Sekwang SELUX Co., Ltd.",South Korea,12A,07,,,https://www.maktekfuari.com/en/exhibitor-list?page=71,https://www.maktekfuari.com/en/brand/sekwang-selux-co-ltd
SELEN MAKİNE VE TEKN. HİZ.SAN.TİC.LTD.ŞTİ.,Türki̇ye,6,621,BLUM NOVOTEST,BLUM NOVOTEST GMBH,https://www.maktekfuari.com/en/exhibitor-list?page=71,https://www.maktekfuari.com/en/brand/selen-makine-ve-tekn-hizsanticltdsti
SENKRONİZE MÜHENDİSLİK MAKİNE SAN. VE TİC.A.Ş.,Türki̇ye,6,612A,,,https://www.maktekfuari.com/en/exhibitor-list?page=71,https://www.maktekfuari.com/en/brand/senkronize-muhendislik-makine-san-ve-ticas
SERHAN SAYGIN DERCAN - DEROVER MAKİNA,Türki̇ye,6,606,,,https://www.maktekfuari.com/en/exhibitor-list?page=71,https://www.maktekfuari.com/en/brand/serhan-saygin-dercan-derover-makina
SES 3000 CNC TAKIM TEZG. BİLG. SİSTEMLERİ LTD. ŞTİ.,Türki̇ye,8,803,,"YCM - YEONG CHIN MACHINERY INDUSTRIES CO., LTD, Mastercam - CNC Software, LLC, COORD3 Societa con Responsabilita\\ Limitata, DEX / TE-SHIN Precision Technology CO., LTD, TRIMILL A.S",https://www.maktekfuari.com/en/exhibitor-list?page=71,https://www.maktekfuari.com/en/brand/ses-3000-cnc-takim-tezg-bilg-sistemleri-ltd-sti
SEZGİN LAZER MAKİNE SAN. VE TİC. LTD. ŞTİ.,Türki̇ye,2,205,Lasersonic,,https://www.maktekfuari.com/en/exhibitor-list?page=71,https://www.maktekfuari.com/en/brand/sezgin-lazer-makine-san-ve-tic-ltd-sti
SEZGİNLER MAKİNA SAN. VE TİC. A. Ş.,Türki̇ye,5,509A,"FOREMAN, PAFTAR",,https://www.maktekfuari.com/en/exhibitor-list?page=71,https://www.maktekfuari.com/en/brand/sezginler-makina-san-ve-tic-a-s
SGM srl New TEM,Italy,6,617,,,https://www.maktekfuari.com/en/exhibitor-list?page=72,https://www.maktekfuari.com/en/brand/sgm-srl-new-tem
"SHANDONG ACR MACHINE TOOL CO., LTD.",China,9,903E,ACR,,https://www.maktekfuari.com/en/exhibitor-list?page=72,https://www.maktekfuari.com/en/brand/shandong-acr-machine-tool-co-ltd
"SHANDONG DIGOR HEAVY MACHINERY CO.,LTD.",China,12A,48B,,,https://www.maktekfuari.com/en/exhibitor-list?page=72,https://www.maktekfuari.com/en/brand/shandong-digor-heavy-machinery-coltd
"SHANDONG HANDEMO TECHNOLOGY CO., LTD",China,12A,48G,HANDEMO,,https://www.maktekfuari.com/en/exhibitor-list?page=72,https://www.maktekfuari.com/en/brand/shandong-handemo-technology-co-ltd
"SHANDONG HANGRUI PRECISION MACHINERY CO., LTD.",China,12A,69H,,,https://www.maktekfuari.com/en/exhibitor-list?page=72,https://www.maktekfuari.com/en/brand/shandong-hangrui-precision-machinery-co-ltd
"SHANDONG MAGICK INTELLIGENT TECHNOLOGY CO., LTD.",China,12A,61F,,,https://www.maktekfuari.com/en/exhibitor-list?page=72,https://www.maktekfuari.com/en/brand/shandong-magick-intelligent-technology-co-ltd
"SHANDONG OUNUOWEI NUMERICAL CONTROL TOOLS CO.,LTD",China,12A,72B,ONW,,https://www.maktekfuari.com/en/exhibitor-list?page=72,https://www.maktekfuari.com/en/brand/shandong-ounuowei-numerical-control-tools-coltd
"SHANDONG PENGWO LASER TECHNOLOGY CO.,LTD",China,12A,65,PENGWO,,https://www.maktekfuari.com/en/exhibitor-list?page=72,https://www.maktekfuari.com/en/brand/shandong-pengwo-laser-technology-coltd
"Shanghai BOCHU Trading Co., Ltd.",China,12A,49B,,,https://www.maktekfuari.com/en/exhibitor-list?page=72,https://www.maktekfuari.com/en/brand/shanghai-bochu-trading-co-ltd
SHANGHAI NINGYUAN PRECISION MACHINERY CORP.,China,12A,48H,HTT,,https://www.maktekfuari.com/en/exhibitor-list?page=72,https://www.maktekfuari.com/en/brand/shanghai-ningyuan-precision-machinery-corp
"SHANGHAI WEIHONG ELECTRONIC TECHNOLOGY CO., LTD.",China,12A,80,,,https://www.maktekfuari.com/en/exhibitor-list?page=72,https://www.maktekfuari.com/en/brand/shanghai-weihong-electronic-technology-co-ltd
SHAREATE TOOLS LTD.,China,9,924,SHAREATE TOOLS,,https://www.maktekfuari.com/en/exhibitor-list?page=72,https://www.maktekfuari.com/en/brand/shareate-tools-ltd
SHE HONG INDUSTRIAL CO. LTD,Tayvan,8,808,,,https://www.maktekfuari.com/en/exhibitor-list?page=73,https://www.maktekfuari.com/en/brand/she-hong-industrial-co-ltd
SHENZHEN GUANHONG AUTOMATION CO. LTD,China,12A,61G,SZGH,,https://www.maktekfuari.com/en/exhibitor-list?page=73,https://www.maktekfuari.com/en/brand/shenzhen-guanhong-automation-co-ltd
"SHIJIAZHUANG ANJIE ELECTRIC CO.,LTD.",China,12A,61B,Agile,,https://www.maktekfuari.com/en/exhibitor-list?page=73,https://www.maktekfuari.com/en/brand/shijiazhuang-anjie-electric-coltd
SHIMADA,Japan,10,1005 Hall: 10 Booth: 1015,,,https://www.maktekfuari.com/en/exhibitor-list?page=73,https://www.maktekfuari.com/en/brand/shimada
SHIN YAIN,Tayvan,11,1181,,,https://www.maktekfuari.com/en/exhibitor-list?page=73,https://www.maktekfuari.com/en/brand/shin-yain
Shin-IL Machinery Company,South Korea,12A,44A,,,https://www.maktekfuari.com/en/exhibitor-list?page=73,https://www.maktekfuari.com/en/brand/shin-il-machinery-company
Shining 3D,China,11,1121,,,https://www.maktekfuari.com/en/exhibitor-list?page=73,https://www.maktekfuari.com/en/brand/shining-3d
SHINZAWA,Tayvan,8,808,,,https://www.maktekfuari.com/en/exhibitor-list?page=73,https://www.maktekfuari.com/en/brand/shinzawa
SHİNİL STARK MAKİNE SAN. LTD. ŞTİ.,Türki̇ye,12A,44A,STARK,Shin-IL Machinery Company,https://www.maktekfuari.com/en/exhibitor-list?page=73,https://www.maktekfuari.com/en/brand/shinil-stark-makine-san-ltd-sti
SHOWA TOOL,Japan,10,1008,,,https://www.maktekfuari.com/en/exhibitor-list?page=73,https://www.maktekfuari.com/en/brand/showa-tool
"SICHUAN MINGTAISHUN CARBIDE CO.,LTD",China,12A,78E,MTSLONG,,https://www.maktekfuari.com/en/exhibitor-list?page=73,https://www.maktekfuari.com/en/brand/sichuan-mingtaishun-carbide-coltd
"SICHUAN RONGGE PRECISION TOOLS CO., LTD",China,12A,76B,ChuanRun,,https://www.maktekfuari.com/en/exhibitor-list?page=73,https://www.maktekfuari.com/en/brand/sichuan-rongge-precision-tools-co-ltd
Siemens Digital Industries Software,Germany,12,1202,,,https://www.maktekfuari.com/en/exhibitor-list?page=74,https://www.maktekfuari.com/en/brand/siemens-digital-industries-software
SILMAX,Italy,11,1158,,,https://www.maktekfuari.com/en/exhibitor-list?page=74,https://www.maktekfuari.com/en/brand/silmax
SINICO,Italy,1,103,,,https://www.maktekfuari.com/en/exhibitor-list?page=74,https://www.maktekfuari.com/en/brand/sinico
Sinter Sud,Italy,11,1180,,,https://www.maktekfuari.com/en/exhibitor-list?page=74,https://www.maktekfuari.com/en/brand/sinter-sud
SINTRONES,Tayvan,6,602,,,https://www.maktekfuari.com/en/exhibitor-list?page=74,https://www.maktekfuari.com/en/brand/sintrones
SİMTED MAKİNA SAN.VE MAM.TİC.LTD.ŞTİ.,Türki̇ye,3,309,,"SALVAGNINI GROUP, MATRIX SRL, TECNOSTAMP SRL",https://www.maktekfuari.com/en/exhibitor-list?page=74,https://www.maktekfuari.com/en/brand/simted-makina-sanve-mamticltdsti
SİMTEK İTHALAT İHRACAT SAN. VE TİC. LTD. ŞTİ.,Türki̇ye,11,1159,,,https://www.maktekfuari.com/en/exhibitor-list?page=74,https://www.maktekfuari.com/en/brand/simtek-ithalat-ihracat-san-ve-tic-ltd-sti
SİNTEK MÜHENDİSLİK MAK. SAN. VE TİC. LTD. ŞTİ.,Türki̇ye,11,1133,,"RÖHM GmbH, Benz GmbH",https://www.maktekfuari.com/en/exhibitor-list?page=74,https://www.maktekfuari.com/en/brand/sintek-muhendislik-mak-san-ve-tic-ltd-sti
SKA MAKİNA OTOM. İTH. İHR. SAN. VE TİC. LTD. ŞTİ.,Türki̇ye,11,1164B,,,https://www.maktekfuari.com/en/exhibitor-list?page=74,https://www.maktekfuari.com/en/brand/ska-makina-otom-ith-ihr-san-ve-tic-ltd-sti
SM SMART MACHINE TOOL,Türki̇ye,7,715,,,https://www.maktekfuari.com/en/exhibitor-list?page=74,https://www.maktekfuari.com/en/brand/smart-machine-tool
SMARTES TEKNOLOJİ YAZILIM DANIŞMANLIK SANAYİ VE TİCARET ANONİM ŞİRKETİ,Türki̇ye,12,1221,SmartFactory,,https://www.maktekfuari.com/en/exhibitor-list?page=74,https://www.maktekfuari.com/en/brand/smartes-teknoloji-yazilim-danismanlik-sanayi-ve-ticaret-anonim-sirketi
SmartVision S.r.l,Italy,11,1121,,,https://www.maktekfuari.com/en/exhibitor-list?page=74,https://www.maktekfuari.com/en/brand/smartvision-srl
SMCT ENDÜSTRİ MAKİNELERİ SAN. TİC. LTD. ŞTİ.,Türki̇ye,11,1130B,,,https://www.maktekfuari.com/en/exhibitor-list?page=75,https://www.maktekfuari.com/en/brand/smct-endustri-makineleri-san-tic-ltd-sti
SMEC Co. LTD Republic Of Korea,,7,716,,,https://www.maktekfuari.com/en/exhibitor-list?page=75,https://www.maktekfuari.com/en/brand/smec-co-ltd
SMG Gear Cutting,South Korea,8,801/807,,,https://www.maktekfuari.com/en/exhibitor-list?page=75,https://www.maktekfuari.com/en/brand/smg-gear-cutting
SMOXH CUTTING TOOLS,Türki̇ye,11,1161,,,https://www.maktekfuari.com/en/exhibitor-list?page=75,https://www.maktekfuari.com/en/brand/smoxh-cutting-tools
SMP Technik,France,11,1136,,,https://www.maktekfuari.com/en/exhibitor-list?page=75,https://www.maktekfuari.com/en/brand/smp-technik
SMT,Czech Republic,9,918,,,https://www.maktekfuari.com/en/exhibitor-list?page=75,https://www.maktekfuari.com/en/brand/smt
SMW AUTOBLOK MAK.SAN. VE TİC.LTD.ŞTİ.,Türki̇ye,11,1124,SMW AUTOBLOK,Autoblok S.p.A.,https://www.maktekfuari.com/en/exhibitor-list?page=75,https://www.maktekfuari.com/en/brand/smw-autoblok-maksan-ve-ticltdsti
SNR,France,9,908,,,https://www.maktekfuari.com/en/exhibitor-list?page=75,https://www.maktekfuari.com/en/brand/snr
SOCO MACHINERY CO LTD.,Tayvan,7,706,,,https://www.maktekfuari.com/en/exhibitor-list?page=75,https://www.maktekfuari.com/en/brand/soco-machinery-co-ltd
Socomec,France,11A,41,,,https://www.maktekfuari.com/en/exhibitor-list?page=75,https://www.maktekfuari.com/en/brand/socomec
Sodick Europe Ltd.,Japan,7,701 Hall: 7 Booth: 703,,,https://www.maktekfuari.com/en/exhibitor-list?page=75,https://www.maktekfuari.com/en/brand/sodick-europe-ltd
SolidCAM,Germany,12,1203,,,https://www.maktekfuari.com/en/exhibitor-list?page=75,https://www.maktekfuari.com/en/brand/solidcam
SolidCAM GmbH,Germany,12,1214,,,https://www.maktekfuari.com/en/exhibitor-list?page=76,https://www.maktekfuari.com/en/brand/solidcam-gmbh
SOLİDCUT KESİCİ TAKIMLAR HIRDAVAT SAN. VE TİC. LTD. ŞTİ.,Türki̇ye,11,1101B,,,https://www.maktekfuari.com/en/exhibitor-list?page=76,https://www.maktekfuari.com/en/brand/solidcut-kesici-takimlar-hirdavat-san-ve-tic-ltd-sti
SORALUCE,Spain,10,1006,,,https://www.maktekfuari.com/en/exhibitor-list?page=76,https://www.maktekfuari.com/en/brand/soraluce
SP SİLİCON POWER,Tayvan,6,602,,,https://www.maktekfuari.com/en/exhibitor-list?page=76,https://www.maktekfuari.com/en/brand/sp-silicon-power
Special Machine Tools S.r.l,Italy,11,1129,,,https://www.maktekfuari.com/en/exhibitor-list?page=76,https://www.maktekfuari.com/en/brand/special-machine-tools-srl
SPEE3D Australia,,9,905A,,,https://www.maktekfuari.com/en/exhibitor-list?page=76,https://www.maktekfuari.com/en/brand/spee3d
SPERONI SpA,Italy,11,1157,,,https://www.maktekfuari.com/en/exhibitor-list?page=76,https://www.maktekfuari.com/en/brand/speroni-spa
SPİNNER TAKIM TEZGAHLARI SAN. VE TİCARET ANONİM ŞİRKETİ,Türki̇ye,8,811,SPINNER,,https://www.maktekfuari.com/en/exhibitor-list?page=76,https://www.maktekfuari.com/en/brand/spinner-takim-tezgahlari-san-ve-ticaret-anonim-sirketi
SPM CO. LTD,South Korea,5,511,,,https://www.maktekfuari.com/en/exhibitor-list?page=76,https://www.maktekfuari.com/en/brand/spm-co-ltd
SPT CNC MAKİNA SAN. VE TİC. A.Ş.,Türki̇ye,12,1227,,PRECISION TSUGAMI,https://www.maktekfuari.com/en/exhibitor-list?page=76,https://www.maktekfuari.com/en/brand/spt-cnc-makina-san-ve-tic-as
SR SRK OTOMOTİV YAN SAN. VE TİC. A.Ş.,Türki̇ye,12A,04,,,https://www.maktekfuari.com/en/exhibitor-list?page=76,https://www.maktekfuari.com/en/brand/srk-otomotiv-yan-san-ve-tic-as
STAR TURKEY CNC MAKİNA SAN. TİC. LTD. ŞTİ.,Türki̇ye,9,910,STAR,,https://www.maktekfuari.com/en/exhibitor-list?page=76,https://www.maktekfuari.com/en/brand/star-turkey-cnc-makina-san-tic-ltd-sti
STEINMEYER Test ve Kalibrasyon Sistemleri,Germany,6,601,,,https://www.maktekfuari.com/en/exhibitor-list?page=77,https://www.maktekfuari.com/en/brand/steinmeyer-test-ve-kalibrasyon-sistemleri
STM SAINT MACHINERY,China,1,103,,,https://www.maktekfuari.com/en/exhibitor-list?page=77,https://www.maktekfuari.com/en/brand/stm-saint-machinery
STRAUSAK AG,Switzerland,12,1210A,,,https://www.maktekfuari.com/en/exhibitor-list?page=77,https://www.maktekfuari.com/en/brand/strausak-ag
STRIGON,Hungary,9,918,,,https://www.maktekfuari.com/en/exhibitor-list?page=77,https://www.maktekfuari.com/en/brand/strigon
Stöckel Werkzeugmaschinen GmbH,Germany,11,1129,,,https://www.maktekfuari.com/en/exhibitor-list?page=77,https://www.maktekfuari.com/en/brand/stockel-werkzeugmaschinen-gmbh
SUDE YAYINCILIK - TİMUR OLGUN,Türki̇ye,SalonNo,StandNo,,,https://www.maktekfuari.com/en/exhibitor-list?page=77,https://www.maktekfuari.com/en/brand/sude-yayincilik-timur-olgun
SUHNER SCHWEIZ AG.,Switzerland,11,1103,,,https://www.maktekfuari.com/en/exhibitor-list?page=77,https://www.maktekfuari.com/en/brand/suhner-schweiz-ag
SUNMASTER,China,3,310,,,https://www.maktekfuari.com/en/exhibitor-list?page=77,https://www.maktekfuari.com/en/brand/sunmaster
SUNMİLL TECHNOLOGY CO,Tayvan,12,1226,,,https://www.maktekfuari.com/en/exhibitor-list?page=77,https://www.maktekfuari.com/en/brand/sunmill-technology-co
SUNTON MAKİNA DIŞ TİCARET ANONİM ŞİRKETİ,Türki̇ye,11A,16,,,https://www.maktekfuari.com/en/exhibitor-list?page=77,https://www.maktekfuari.com/en/brand/sunton-makina-dis-ticaret-anonim-sirketi
Supfina Grieshaber GmbH & C.o KG,Germany,5,503 B,,,https://www.maktekfuari.com/en/exhibitor-list?page=77,https://www.maktekfuari.com/en/brand/supfina-grieshaber-gmbh-co-kg
SURTEK MAKİNA SANAYİ VE TİCARET LİMİTED ŞİRKETİ,Türki̇ye,11,1162,,,https://www.maktekfuari.com/en/exhibitor-list?page=77,https://www.maktekfuari.com/en/brand/surtek-makina-sanayi-ve-ticaret-limited-sirketi
"SUZHOU CHIRUI MECHANICAL AND ELECTRICAL TECHNOLOGY CO.,LTD.",China,9,902G,Beston,,https://www.maktekfuari.com/en/exhibitor-list?page=78,https://www.maktekfuari.com/en/brand/suzhou-chirui-mechanical-and-electrical-technology-coltd
SUZHOU DINENG PRECISION TOOLS CO. LTD.,China,12A,61C,,,https://www.maktekfuari.com/en/exhibitor-list?page=78,https://www.maktekfuari.com/en/brand/suzhou-dineng-precision-tools-co-ltd
"Suzhou Han\\\\ s Songu Intelligent Equipment Co.,Ltd",China,3,310,,,https://www.maktekfuari.com/en/exhibitor-list?page=78,https://www.maktekfuari.com/en/brand/suzhou-han-s-songu-intelligent-equipment-coltd
SVR SEVER MAKİNE SANAYİ VE TİCARET ANONİM ŞİRKETİ,Türki̇ye,11A,51,SVR SEVER MAKİNE,,https://www.maktekfuari.com/en/exhibitor-list?page=78,https://www.maktekfuari.com/en/brand/svr-sever-makine-sanayi-ve-ticaret-anonim-sirketi
SW,Germany,10,1003,,,https://www.maktekfuari.com/en/exhibitor-list?page=78,https://www.maktekfuari.com/en/brand/sw
SW MAKİNE TÜRKİYE TİC. LTD. ŞTİ.,Türki̇ye,10,1003,SW,SW,https://www.maktekfuari.com/en/exhibitor-list?page=78,https://www.maktekfuari.com/en/brand/sw-makine-turkiye-tic-ltd-sti
SW SWİSS TEKNİK TAKIM TEKNOLOJİLERİ SAN VE TİC LTD. ŞTİ.,Türki̇ye,11,1137,,,https://www.maktekfuari.com/en/exhibitor-list?page=78,https://www.maktekfuari.com/en/brand/swiss-teknik-takim-teknolojileri-san-ve-tic-ltd-sti
SWISS TOOL SYSTEMS AG,Switzerland,11,1158,,,https://www.maktekfuari.com/en/exhibitor-list?page=78,https://www.maktekfuari.com/en/brand/swiss-tool-systems-ag
SYIL,China,9,907,,,https://www.maktekfuari.com/en/exhibitor-list?page=78,https://www.maktekfuari.com/en/brand/syil
Sylvac,Switzerland,11,1121,,,https://www.maktekfuari.com/en/exhibitor-list?page=79,https://www.maktekfuari.com/en/brand/sylvac
T.Ş.T. LİFT AMORTİSÖR OTOM. YED. PAR. SAN. TİC. LTD. ŞTİ.,Türki̇ye,6,609B,,,https://www.maktekfuari.com/en/exhibitor-list?page=79,https://www.maktekfuari.com/en/brand/tst-lift-amortisor-otom-yed-par-san-tic-ltd-sti
"TAIKAN INTELLIGENT EQUIPMENT (SHENZHEN) CO., LTD.",China,7,701 Hall: 7 Booth: 703,,,https://www.maktekfuari.com/en/exhibitor-list?page=79,https://www.maktekfuari.com/en/brand/taikan-intelligent-equipment-shenzhen-co-ltd
TAITRA TAIWAN EXTERNAL TRADE DEVELOPMENT COUNCIL,Tayvan,11A,04,TAITRA,,https://www.maktekfuari.com/en/exhibitor-list?page=79,https://www.maktekfuari.com/en/brand/taitra-taiwan-external-trade-development-council
TAIWAN MACHINE TOOL AND ACCESSORY BUILDERS ASSOCIATION TMBA,Tayvan,9,901F,TMBA,,https://www.maktekfuari.com/en/exhibitor-list?page=79,https://www.maktekfuari.com/en/brand/taiwan-machine-tool-and-accessory-builders-association-tmba
Taiwan TAKISAWA Technology Co.,Tayvan,7,701 Hall: 7 Booth: 703,,,https://www.maktekfuari.com/en/exhibitor-list?page=79,https://www.maktekfuari.com/en/brand/taiwan-takisawa-technology-co
"TAIZHOU CASSAR PRECISION TOOLS CO.,LTD",China,9,900A-2,,,https://www.maktekfuari.com/en/exhibitor-list?page=79,https://www.maktekfuari.com/en/brand/taizhou-cassar-precision-tools-coltd
TAIZHOU HONGYI FURNITURE MANUFACTURING CO.LTD.,China,12A,67B,wilson,,https://www.maktekfuari.com/en/exhibitor-list?page=79,https://www.maktekfuari.com/en/brand/taizhou-hongyi-furniture-manufacturing-coltd
"TAIZHOU HUANGYAN JUNTIAN DIE AND MOULD CO.,LTD.",China,12A,68A,JunTian,,https://www.maktekfuari.com/en/exhibitor-list?page=79,https://www.maktekfuari.com/en/brand/taizhou-huangyan-juntian-die-and-mould-coltd
"TAIZHOU KELITE TOOLS CO.,LTD.",China,12A,66A,,,https://www.maktekfuari.com/en/exhibitor-list?page=79,https://www.maktekfuari.com/en/brand/taizhou-kelite-tools-coltd
"TAIZHOU SHAOSHI TOOLS CO.,LTD.",China,11A,32C,SHAOSHI,,https://www.maktekfuari.com/en/exhibitor-list?page=79,https://www.maktekfuari.com/en/brand/taizhou-shaoshi-tools-coltd
TAJMAC GROUP,Czech Republic,5,504,,,https://www.maktekfuari.com/en/exhibitor-list?page=79,https://www.maktekfuari.com/en/brand/tajmac-group
Takisawa Machine Tool Co.,Japan,7,701 Hall: 7 Booth: 703,,,https://www.maktekfuari.com/en/exhibitor-list?page=80,https://www.maktekfuari.com/en/brand/takisawa-machine-tool-co
Takım Tezgahları Sanayici ve İş İnsanları Derneği (TİAD) -TİAD TAKIM TEZGAHLARI SANAYİ VE TİCARET A.Ş.,Türki̇ye,SalonNo,StandNo,,,https://www.maktekfuari.com/en/exhibitor-list?page=80,https://www.maktekfuari.com/en/brand/takim-tezgahlari-sanayici-ve-is-insanlari-dernegi-tiad-tiad-takim-tezgahlari-sanayi-ve-ticaret-as
TALHA TEKNİK HIRDAVAT SANAYİ VE TİC. LTD. ŞTİ.,Türki̇ye,11,1113,"ERİC, HÜGEL",,https://www.maktekfuari.com/en/exhibitor-list?page=80,https://www.maktekfuari.com/en/brand/talha-teknik-hirdavat-sanayi-ve-tic-ltd-sti
TANDEM TAKIM TEZGAHLARI SAN VE TİC LTD ŞTİ,Türki̇ye,10,1005 Hall: 10 Booth: 1015,,"INDEX, NOMURA DS, KITAGAWA EUROPE, NAKANISHI, ROSA, MILLUTENSIL, SHIMADA, ONE CLICK METAL",https://www.maktekfuari.com/en/exhibitor-list?page=80,https://www.maktekfuari.com/en/brand/tandem-takim-tezgahlari-san-ve-tic-ltd-sti
Tapmatic Corporation,United States,11,1103,,,https://www.maktekfuari.com/en/exhibitor-list?page=80,https://www.maktekfuari.com/en/brand/tapmatic-corporation
TAV VACUUM FURNACES SPA,Italy,11,1129,,,https://www.maktekfuari.com/en/exhibitor-list?page=80,https://www.maktekfuari.com/en/brand/tav-vacuum-furnaces-spa
TBT Tiefbohrtechnik GmbH + Co,Germany,11,1174B,,,https://www.maktekfuari.com/en/exhibitor-list?page=80,https://www.maktekfuari.com/en/brand/tbt-tiefbohrtechnik-gmbh-co
TDG Clamping Solutions,Spain,9,907,,,https://www.maktekfuari.com/en/exhibitor-list?page=80,https://www.maktekfuari.com/en/brand/tdg-clamping-solutions
Tebis AG,Germany,12,1207,,,https://www.maktekfuari.com/en/exhibitor-list?page=80,https://www.maktekfuari.com/en/brand/tebis-ag
Teclock,Japan,11,1121,,,https://www.maktekfuari.com/en/exhibitor-list?page=80,https://www.maktekfuari.com/en/brand/teclock
TECNOMAGNETE (MAG-AUTOBLOK),Italy,9,918,,,https://www.maktekfuari.com/en/exhibitor-list?page=80,https://www.maktekfuari.com/en/brand/tecnomagnete-mag-autoblok
TECNOSTAMP SRL,Italy,3,309,,,https://www.maktekfuari.com/en/exhibitor-list?page=80,https://www.maktekfuari.com/en/brand/tecnostamp-srl
TECUS CNC MAKİNA SANAYİ TİCARET AŞ,Türki̇ye,7,717,HAAS AUTOMATION INC.,Haas,https://www.maktekfuari.com/en/exhibitor-list?page=81,https://www.maktekfuari.com/en/brand/tecus-cnc-makina-sanayi-ticaret-as
TEKİŞ TEKNİK EROZYON KALIP SAN. VE TİC. A.Ş.,Türki̇ye,7,718,,,https://www.maktekfuari.com/en/exhibitor-list?page=81,https://www.maktekfuari.com/en/brand/tekis-teknik-erozyon-kalip-san-ve-tic-as
TEKNİK DÖKÜM KAPLAMA MALZEMELERİ SANAYİ VE TİCARET ANONİM ŞİRKETİ,Türki̇ye,11A,06,,"C.E.I.A. S.p.A., Lampert Werktechnik GmbH, NGL Cleaning Technology SA, MTA S.p.A. a socio unico",https://www.maktekfuari.com/en/exhibitor-list?page=81,https://www.maktekfuari.com/en/brand/teknik-dokum-kaplama-malzemeleri-sanayi-ve-ticaret-anonim-sirketi
TEKNİK ÖLÇÜM SİS. VE KES. TAK. SAN. VE TİC. LTD. ŞTİ.,Türki̇ye,11,1114,"ACCUD, IBR, SCHNEIDER, STARRETT, WYLER, PETER HIRT, KAFER, KROEPLIN, BOWERS, HELIOS-PREISSER",,https://www.maktekfuari.com/en/exhibitor-list?page=81,https://www.maktekfuari.com/en/brand/teknik-olcum-sis-ve-kes-tak-san-ve-tic-ltd-sti
TEKNO 2000 PAZARLAMA VE İNŞAAT TİC. LTD. ŞTİ.,Türki̇ye,3,317A,"WILSON TOOL, TOOLSPRESS, LVD, BEHRINGER, BEHRINGER EISELE, VERNET BEHRINGER, EHRT, LISSMAC, PASS","WILSON TOOL, BEHRINGER, BEHRINGER EISELE, EHRT, VERNET BEHRINGER, LISSMAC, TOOLSPRESS, LVD, PASS",https://www.maktekfuari.com/en/exhibitor-list?page=81,https://www.maktekfuari.com/en/brand/tekno-2000-pazarlama-ve-insaat-tic-ltd-sti
TEKNOMASYON MAKİNA MET. EL. TUR. SAN. VE TİC. LTD. ŞTİ.,Türki̇ye,10,1011,,,https://www.maktekfuari.com/en/exhibitor-list?page=81,https://www.maktekfuari.com/en/brand/teknomasyon-makina-met-el-tur-san-ve-tic-ltd-sti
TEKOMA HASSAS TUTUCU TAKIMLAR MAK. SAN. TİC. LTD. ŞTİ.,Türki̇ye,11,1179,,,https://www.maktekfuari.com/en/exhibitor-list?page=81,https://www.maktekfuari.com/en/brand/tekoma-hassas-tutucu-takimlar-mak-san-tic-ltd-sti
TEKYAZ TEKNOLOJİK YAZILIMLAR VE MAK.TİCARET AŞ.,Türki̇ye,12,1203,,"DASSAULT SYSTEM, SolidCAM, Cimatron",https://www.maktekfuari.com/en/exhibitor-list?page=81,https://www.maktekfuari.com/en/brand/tekyaz-teknolojik-yazilimlar-ve-makticaret-as
TEMAK TEKNİK TAKIM TEZGAHLARI SANAYİ VE TİCARET ANONİM ŞİRKETİ,Türki̇ye,11,1148A,,"GERARDİ SPA, NAREX Zdánice, spol. s r.o., IZAR CUTTING TOOLS S.A.L., ASIMETO, BISON S.A., VERTEX MACHINERY WORKS CO. ,LTD., CP GRAT-EX MFG. CO., HARLİNGEN TOOLS, ZPS - FRÉZOVACÍ NÁSTROJE a.s., Bucovice Tools a.s., GEWINDEWERKZEUGE GABROVO GmbH",https://www.maktekfuari.com/en/exhibitor-list?page=81,https://www.maktekfuari.com/en/brand/temak-teknik-takim-tezgahlari-sanayi-ve-ticaret-anonim-sirketi
TEMELSAN MAKİNA SAN.VE TİC.LTD.ŞTİ.,Türki̇ye,2,203,TEMELSAN,ZAGORASAW LLC,https://www.maktekfuari.com/en/exhibitor-list?page=81,https://www.maktekfuari.com/en/brand/temelsan-makina-sanve-ticltdsti
TEMREN MAKİNA İMALAT MÜHENDİSLİK SANAYİ VE TİCARET LİMİTED ŞİRKETİ,Türki̇ye,6,612B,,,https://www.maktekfuari.com/en/exhibitor-list?page=81,https://www.maktekfuari.com/en/brand/temren-makina-imalat-muhendislik-sanayi-ve-ticaret-limited-sirketi
TESE MAKİNE SAN. VE TİC. LTD. ŞTİ.,Türki̇ye,11,1103,,"REGO-FIX AG., SUHNER SCHWEIZ AG., Tapmatic Corporation",https://www.maktekfuari.com/en/exhibitor-list?page=81,https://www.maktekfuari.com/en/brand/tese-makine-san-ve-tic-ltd-sti
TESKAY TESTERE MAKİNA HIRDAVAT SAN. TİC. LTD. ŞTİ.,Türki̇ye,2,220C,SİMONDS ŞERİT TESTERE R-TECH HSS DAİRE TESTERE WİLKE ELMAS DAİRE TESTERE,,https://www.maktekfuari.com/en/exhibitor-list?page=82,https://www.maktekfuari.com/en/brand/teskay-testere-makina-hirdavat-san-tic-ltd-sti
Test Industry S.r.l. - Bimal Brand,Italy,11,1129,,,https://www.maktekfuari.com/en/exhibitor-list?page=82,https://www.maktekfuari.com/en/brand/test-industry-srl-bimal-brand
TEZAYMAK TAKIM TEZGAHLARI SAN. VE TİC. A.Ş.,Türki̇ye,7,712,,"PİNG JENG MACHINERY INDUSTRY CO LTD, CHMER-CHING HUNG MACHINERY AMD ELECTRIC INDUSTRIAL CO., LTD, FORCE ONE MACHINERY CO., LTD.",https://www.maktekfuari.com/en/exhibitor-list?page=82,https://www.maktekfuari.com/en/brand/tezaymak-takim-tezgahlari-san-ve-tic-as
TEZMAKSAN MAKİNA SAN VE TİC A.Ş.,Türki̇ye,8,802,Tezmaksan Makina,,https://www.maktekfuari.com/en/exhibitor-list?page=82,https://www.maktekfuari.com/en/brand/tezmaksan-makina-san-ve-tic-as
TFON MAKİNE A.Ş.,Türki̇ye,3,317B,,,https://www.maktekfuari.com/en/exhibitor-list?page=82,https://www.maktekfuari.com/en/brand/tfon-makine-as
THIELENHAUS,Germany,10,1009,,,https://www.maktekfuari.com/en/exhibitor-list?page=82,https://www.maktekfuari.com/en/brand/thielenhaus
"TIANJIN HUAQUAN INTELLIGENT COATING EQUIPMENT CO., LTD.",China,9,903A,HUAQUAN,,https://www.maktekfuari.com/en/exhibitor-list?page=82,https://www.maktekfuari.com/en/brand/tianjin-huaquan-intelligent-coating-equipment-co-ltd
TIMESAVERS INTERNATIONAL BV,Netherlands,3,310,,,https://www.maktekfuari.com/en/exhibitor-list?page=82,https://www.maktekfuari.com/en/brand/timesavers-international-bv
TİTANİT ULTRA SERT KAPLAMALAR SAN. VE TİC. LTD. ŞTİ.,Türki̇ye,11,1132,,,https://www.maktekfuari.com/en/exhibitor-list?page=82,https://www.maktekfuari.com/en/brand/titanit-ultra-sert-kaplamalar-san-ve-tic-ltd-sti
TLS LAZER ÜRÜNLERİ SAN. VE DIŞ TİC. LTD. ŞTİ.,Türki̇ye,12A,50E,,"GENTEC ELECTRO-OPTİCS, İNC",https://www.maktekfuari.com/en/exhibitor-list?page=82,https://www.maktekfuari.com/en/brand/tls-lazer-urunleri-san-ve-dis-tic-ltd-sti
TMT MAKİNE SANAYİ VE TİCARET LTD. ŞTİ.,Türki̇ye,11,1157,LOCKCELL,"GERARDİ SPA, SPERONI SpA, Minitor Sfida",https://www.maktekfuari.com/en/exhibitor-list?page=82,https://www.maktekfuari.com/en/brand/tmt-makine-sanayi-ve-ticaret-ltd-sti
"Tocho Marking Systems, Inc",Japan,11,1174A,,,https://www.maktekfuari.com/en/exhibitor-list?page=82,https://www.maktekfuari.com/en/brand/tocho-marking-systems-inc
tokio,Tayvan,10,1008,,,https://www.maktekfuari.com/en/exhibitor-list?page=83,https://www.maktekfuari.com/en/brand/tokio
TOOLSPRESS,Italy,3,317A,,,https://www.maktekfuari.com/en/exhibitor-list?page=83,https://www.maktekfuari.com/en/brand/toolspress
Top Stability Machine Industry Co Ltd,Tayvan,2,215,,,https://www.maktekfuari.com/en/exhibitor-list?page=83,https://www.maktekfuari.com/en/brand/top-stability-machine-industry-co-ltd
TopSolid SAS,France,12,1220 A,,,https://www.maktekfuari.com/en/exhibitor-list?page=83,https://www.maktekfuari.com/en/brand/topsolid-sas
TOPÇULAR ENDÜSTRİYEL ÜRETİM VE YATIRIM A.Ş.,Türki̇ye,4,402B,"OZCO, REVO ENDÜSTRİ",,https://www.maktekfuari.com/en/exhibitor-list?page=83,https://www.maktekfuari.com/en/brand/topcular-endustriyel-uretim-ve-yatirim-as
TORNOS,Switzerland,12,1208A,,,https://www.maktekfuari.com/en/exhibitor-list?page=83,https://www.maktekfuari.com/en/brand/tornos
TRAKYA KESİCİ TAK. SAN. VE TİC. LTD. ŞTİ.,Türki̇ye,12A,07,"mimatic GmbH, Grip Perfect, SAU SpA, NSR, SELUX, NGV & NGT","mimatic GmbH, Grip Perfect, Sau Tool, Sekwang SELUX Co., Ltd., NEWSERIM TECH Co.,Ltd, Nova Grup Vices",https://www.maktekfuari.com/en/exhibitor-list?page=83,https://www.maktekfuari.com/en/brand/trakya-kesici-tak-san-ve-tic-ltd-sti
TRANSOR Filter GmbH,Germany,11,1129,,,https://www.maktekfuari.com/en/exhibitor-list?page=83,https://www.maktekfuari.com/en/brand/transor-filter-gmbh
Triag International AG,Switzerland,11,1117,,,https://www.maktekfuari.com/en/exhibitor-list?page=83,https://www.maktekfuari.com/en/brand/triag-international-ag
TRIMILL A.S,Czech Republic,8,803,,,https://www.maktekfuari.com/en/exhibitor-list?page=83,https://www.maktekfuari.com/en/brand/trimill-as
TRIMOS SA,Switzerland,11,1121,,,https://www.maktekfuari.com/en/exhibitor-list?page=83,https://www.maktekfuari.com/en/brand/trimos-sa
TRUMPF MAKİNA SAN.A.Ş.,Türki̇ye,3,312,TRUMPF,TRUMPF SE + Co. KG,https://www.maktekfuari.com/en/exhibitor-list?page=83,https://www.maktekfuari.com/en/brand/trumpf-makina-sanas
TRUMPF SE + Co. KG,Germany,3,312,,,https://www.maktekfuari.com/en/exhibitor-list?page=84,https://www.maktekfuari.com/en/brand/trumpf-se-co-kg
Tschorn GmbH,Germany,11,1121,,,https://www.maktekfuari.com/en/exhibitor-list?page=84,https://www.maktekfuari.com/en/brand/tschorn-gmbh
Tschudin AG,Switzerland,5,503 B,,,https://www.maktekfuari.com/en/exhibitor-list?page=84,https://www.maktekfuari.com/en/brand/tschudin-ag
Tsudakoma,Japan,9,907,,,https://www.maktekfuari.com/en/exhibitor-list?page=84,https://www.maktekfuari.com/en/brand/tsudakoma
TT LAZER TEKNOLOJİLERİ LTD. ŞTİ.,Türki̇ye,11A,24,HG STAR,"HG STAR TECHNOLOGY CO.,Ltd.",https://www.maktekfuari.com/en/exhibitor-list?page=84,https://www.maktekfuari.com/en/brand/tt-lazer-teknolojileri-ltd-sti
TU TUMA HASSAS TUTUCU TAKIMLAR,Türki̇ye,11,1165,,,https://www.maktekfuari.com/en/exhibitor-list?page=84,https://www.maktekfuari.com/en/brand/tuma-hassas-tutucu-takimlar
TUBEND MAKİNA SAN. VE TİC. A.Ş.,Türki̇ye,2,218,,,https://www.maktekfuari.com/en/exhibitor-list?page=84,https://www.maktekfuari.com/en/brand/tubend-makina-san-ve-tic-as
TULPAR TOOLS METAL İŞLEME TEKNOLOJİLERİ SAN. VE TİC. A.Ş.,Türki̇ye,11A,11,TULPAR TOOLS METAL İŞLEME TEKNOLOJİLERİ SANAYİ VE TİCARET ANONİM ŞİRKETİ,,https://www.maktekfuari.com/en/exhibitor-list?page=84,https://www.maktekfuari.com/en/brand/tulpar-tools-metal-isleme-teknolojileri-san-ve-tic-as
TUMA HASSAS TUTUCU TAK.MED.OTO.MAK.SAN.TİC.LTD.ŞTİ,Türki̇ye,11,1165,,"TUMA HASSAS TUTUCU TAKIMLAR, TUMA HASSAS TUTUCU TAKIMLAR",https://www.maktekfuari.com/en/exhibitor-list?page=84,https://www.maktekfuari.com/en/brand/tuma-hassas-tutucu-takmedotomaksanticltdsti
TUNGALOY-NTK,Japan,11,1171,,,https://www.maktekfuari.com/en/exhibitor-list?page=84,https://www.maktekfuari.com/en/brand/tungaloy-ntk
TURLO S.R.L.,Italy,6,630A,TURLO / DIENNE TURLO,,https://www.maktekfuari.com/en/exhibitor-list?page=84,https://www.maktekfuari.com/en/brand/turlo-srl
TUROMAK MAKİNA SAN. VE TİC. LTD. ŞTİ.,Türki̇ye,9,918,TUROMAK,"STRIGON, SMT, UNISIGN, VOORTMAN, FACCIN, MANDELLI, PARAGON, PRAISE, MYDAY, HITEC, ESAB CUTTING SYSTEMS, FAT by HACO, OMSG / CARLO BANFI, CHUNGWEI GREAT, SAVIM, TECNOMAGNETE (MAG-AUTOBLOK), CMM, RAFAMET, POREBA",https://www.maktekfuari.com/en/exhibitor-list?page=85,https://www.maktekfuari.com/en/brand/turomak-makina-san-ve-tic-ltd-sti
Tyrolit Schleifmittelwerke Swarovski K.G.,Austria,11,1110,,,https://www.maktekfuari.com/en/exhibitor-list?page=85,https://www.maktekfuari.com/en/brand/tyrolit-schleifmittelwerke-swarovski-kg
TÜRK STANDARDLARI ENSTİTÜSÜ,Türki̇ye,6,609A,,,https://www.maktekfuari.com/en/exhibitor-list?page=84,https://www.maktekfuari.com/en/brand/turk-standardlari-enstitusu
U QUEEN MACHINERY CO.LTD,Tayvan,7,715,,,https://www.maktekfuari.com/en/exhibitor-list?page=85,https://www.maktekfuari.com/en/brand/u-queen-machinery-coltd
UGO BİLİŞİM TİC. VE LTD. ŞTİ.,Türki̇ye,12A,19 Hall: 12A Booth: 55,,"ZHEJIANG SHUANGZHENG TECHNOLOGY CO.,LTD, NINGBO SANHAN ALLOY MATERIAL CO.,LTD., DONGGUAN CITY TERMA ELECTRONICS CO.LTD, ZHEJIANG BOLLY SAW INDUSTRY CO., LTD., LAIZHOU XINYUE MACHINERY CO.,LTD., Chengdu New Chengliang Tools Co.,Ltd.",https://www.maktekfuari.com/en/exhibitor-list?page=85,https://www.maktekfuari.com/en/brand/ugo-bilisim-tic-ve-ltd-sti
Ultimaker B.V.,Netherlands,9,905A,,,https://www.maktekfuari.com/en/exhibitor-list?page=85,https://www.maktekfuari.com/en/brand/ultimaker-bv
ULTRA PRÄZISION MESSZEUGE GMBH,Germany,11,1121,,,https://www.maktekfuari.com/en/exhibitor-list?page=85,https://www.maktekfuari.com/en/brand/ultra-prazision-messzeuge-gmbh
"Uni-tech Precision Co., Ltd.",Tayvan,5,503 B,,,https://www.maktekfuari.com/en/exhibitor-list?page=85,https://www.maktekfuari.com/en/brand/uni-tech-precision-co-ltd
UNION TOOL Europe S.A.,Switzerland,11,1123,,,https://www.maktekfuari.com/en/exhibitor-list?page=85,https://www.maktekfuari.com/en/brand/union-tool-europe-sa
UNISIGN,Netherlands,9,918,,,https://www.maktekfuari.com/en/exhibitor-list?page=85,https://www.maktekfuari.com/en/brand/unisign
United MachininG Sales Switzerland SA,Switzerland,4,401,,,https://www.maktekfuari.com/en/exhibitor-list?page=85,https://www.maktekfuari.com/en/brand/united-machining-sales-switzerland-sa
UNITED MACHINING TURKEY MAKİNE TİC. LTD. ŞTİ.,Türki̇ye,4,401,"Mikron MILL, Agie Charmilles, Liechti, Charmilles, Step-Tec, System 3R, United Machining Additive",United MachininG Sales Switzerland SA,https://www.maktekfuari.com/en/exhibitor-list?page=86,https://www.maktekfuari.com/en/brand/united-machining-turkey-makine-tic-ltd-sti
UNIVERSAL AŞINDIRICI SİSTEMLERİ SAN. VE TİC. A.Ş.,Türki̇ye,11,1110,,"Tyrolit Schleifmittelwerke Swarovski K.G., Tyrolit Schleifmittelwerke Swarovski K.G., GYSL Abrasives Company, Poltava Diamond Tools",https://www.maktekfuari.com/en/exhibitor-list?page=86,https://www.maktekfuari.com/en/brand/universal-asindirici-sistemleri-san-ve-tic-as
Uniz,China,12,1213,,,https://www.maktekfuari.com/en/exhibitor-list?page=86,https://www.maktekfuari.com/en/brand/uniz
UPU.İO - BACA MÜHENDİSLİK AŞ,Türki̇ye,12A,58B,,,https://www.maktekfuari.com/en/exhibitor-list?page=86,https://www.maktekfuari.com/en/brand/upuio-baca-muhendislik-as
US WHEELER,China,12,1208A,,,https://www.maktekfuari.com/en/exhibitor-list?page=86,https://www.maktekfuari.com/en/brand/us-wheeler
UZAY MAKİNA TAKIM TEZ. SAN VE TİC A.Ş.,Türki̇ye,3,301,,,https://www.maktekfuari.com/en/exhibitor-list?page=86,https://www.maktekfuari.com/en/brand/uzay-makina-takim-tez-san-ve-tic-as
UĞURSAN MAK.KALIP SAN. CNC TAKIM TEZ. BİLG. SİS. LTD. ŞTİ.,Türki̇ye,5,502,JOINT,,https://www.maktekfuari.com/en/exhibitor-list?page=85,https://www.maktekfuari.com/en/brand/ugursan-makkalip-san-cnc-takim-tez-bilg-sis-ltd-sti
VAN CNC TAKIM TEZGAHLARI SAN. VE TİC. A.Ş.,Türki̇ye,10,1013,VAN Precision Engineering,,https://www.maktekfuari.com/en/exhibitor-list?page=86,https://www.maktekfuari.com/en/brand/van-cnc-takim-tezgahlari-san-ve-tic-as
VATAN CNC TAKIM TEZGAHLARI SAN TİC LTD ŞTİ,Türki̇ye,12,1209,,Haitian Precision Machinery,https://www.maktekfuari.com/en/exhibitor-list?page=86,https://www.maktekfuari.com/en/brand/vatan-cnc-takim-tezgahlari-san-tic-ltd-sti
VE VERNET BEHRINGER,France,3,317A,,,https://www.maktekfuari.com/en/exhibitor-list?page=86,https://www.maktekfuari.com/en/brand/vernet-behringer
VECTORMACH ENDÜSTRİ TEKNOLOJİ A.Ş.,Türki̇ye,6,604B,Haozhi & Infranor,"HAOZHI, Guangzhou Haozhi Industrial Co., Ltd.",https://www.maktekfuari.com/en/exhibitor-list?page=86,https://www.maktekfuari.com/en/brand/vectormach-endustri-teknoloji-as
VERA OTOMASYON MAKİNA SAN. VE DIŞ TİC. LTD. ŞTİ.,Türki̇ye,2,222B,S.A.D.,,https://www.maktekfuari.com/en/exhibitor-list?page=86,https://www.maktekfuari.com/en/brand/vera-otomasyon-makina-san-ve-dis-tic-ltd-sti
"VERTEX MACHINERY WORKS CO. ,LTD.",Tayvan,11,1148A,,,https://www.maktekfuari.com/en/exhibitor-list?page=86,https://www.maktekfuari.com/en/brand/vertex-machinery-works-co-ltd
VEYSEL KÜTÜKLÜ MAK. SAN. VE TİC. A.Ş.,Türki̇ye,12A,44B Hall: 11 Booth: 1116B,VABS OVALAMA APARATLARI,,https://www.maktekfuari.com/en/exhibitor-list?page=87,https://www.maktekfuari.com/en/brand/veysel-kutuklu-mak-san-ve-tic-as
Veze,China,12A,27,,,https://www.maktekfuari.com/en/exhibitor-list?page=87,https://www.maktekfuari.com/en/brand/veze
"VIBRO-LASER INTERNATIONAL CO.,LTD.",South Korea,6,608,,,https://www.maktekfuari.com/en/exhibitor-list?page=87,https://www.maktekfuari.com/en/brand/vibro-laser-international-coltd
VICI VISION,Italy,11,1147 - 1146,,,https://www.maktekfuari.com/en/exhibitor-list?page=87,https://www.maktekfuari.com/en/brand/vici-vision
Victor Taichung,Tayvan,7,707B,,,https://www.maktekfuari.com/en/exhibitor-list?page=87,https://www.maktekfuari.com/en/brand/victor-taichung
Virtek Vision International,Canada,5,508,,,https://www.maktekfuari.com/en/exhibitor-list?page=87,https://www.maktekfuari.com/en/brand/virtek-vision-international
Vision Wide,Tayvan,7,707B,,,https://www.maktekfuari.com/en/exhibitor-list?page=87,https://www.maktekfuari.com/en/brand/vision-wide
VİBROMAK YÜZEY İŞLEM TEK.SAN.VE TİC.LTD.ŞTİ.,Türki̇ye,6,619,Vibromak Yüzey İşlem Teknolojileri Sanayi ve Ticaret Ltd. Şti.,,https://www.maktekfuari.com/en/exhibitor-list?page=87,https://www.maktekfuari.com/en/brand/vibromak-yuzey-islem-teksanve-ticltdsti
VLB GROUP,Portugal,11A,17,,,https://www.maktekfuari.com/en/exhibitor-list?page=87,https://www.maktekfuari.com/en/brand/vlb-group
VOKSEL MÜHENDİSLİK VE HIZLI İMALAT TEKNOLOJİLERİ SAN.TİC. A.Ş.,Türki̇ye,9,905A,,"Farsoon Technologies, 3D Lab Sp. z o.o., Ultimaker B.V., Rongsu, Kangshuo, SPEE3D",https://www.maktekfuari.com/en/exhibitor-list?page=87,https://www.maktekfuari.com/en/brand/voksel-muhendislik-ve-hizli-imalat-teknolojileri-santic-as
Vonghler,China,7,707B,,,https://www.maktekfuari.com/en/exhibitor-list?page=87,https://www.maktekfuari.com/en/brand/vonghler
VOORTMAN,Netherlands,9,918,,,https://www.maktekfuari.com/en/exhibitor-list?page=87,https://www.maktekfuari.com/en/brand/voortman
W.T.I. Fasteners Ltd,İngi̇ltere,10,1008,,,https://www.maktekfuari.com/en/exhibitor-list?page=88,https://www.maktekfuari.com/en/brand/wti-fasteners-ltd
Wagner,Germany,11,1156,,,https://www.maktekfuari.com/en/exhibitor-list?page=88,https://www.maktekfuari.com/en/brand/wagner
WEIDA,China,12,1218 Hall: 12 Booth: 1224 Hall: 11 Booth: 1136,,,https://www.maktekfuari.com/en/exhibitor-list?page=88,https://www.maktekfuari.com/en/brand/weida
WEIHAI HUADONG AUTOMATION CO. LTD,China,12A,77E,HDCNC,,https://www.maktekfuari.com/en/exhibitor-list?page=88,https://www.maktekfuari.com/en/brand/weihai-huadong-automation-co-ltd
WEILER Werkzeugmaschinen GmbH,Germany,9,904F,,,https://www.maktekfuari.com/en/exhibitor-list?page=88,https://www.maktekfuari.com/en/brand/weiler-werkzeugmaschinen-gmbh
WEİSHİLİ LASER TEKONOLOJİ TİC. LTD. ŞTİ.,Türki̇ye,11A,37,"WSL lazer, Wsl lazer",,https://www.maktekfuari.com/en/exhibitor-list?page=88,https://www.maktekfuari.com/en/brand/weishili-laser-tekonoloji-tic-ltd-sti
"WELE Mechatronic Co., Ltd",Tayvan,12,1226,,,https://www.maktekfuari.com/en/exhibitor-list?page=88,https://www.maktekfuari.com/en/brand/wele-mechatronic-co-ltd
WELL MÜHENDİSLİK TALAŞLI İMALAT ÇÖZÜMLERİ MÜMESSİLLİK TİC. LTD. ŞTİ.,Türki̇ye,11,1135,,"ANDREAS MAIER GmbH & Co. KG, RINGSPANN | Manufacturer of Power Transmission Components and Clamping Fixtures",https://www.maktekfuari.com/en/exhibitor-list?page=88,https://www.maktekfuari.com/en/brand/well-muhendislik-talasli-imalat-cozumleri-mumessillik-tic-ltd-sti
"WENLING BANKO TOOLS CO.,LTD.",China,12A,67C-2,BANKO,,https://www.maktekfuari.com/en/exhibitor-list?page=88,https://www.maktekfuari.com/en/brand/wenling-banko-tools-coltd
"WENLING YONGXIN TOOLS CO.,LTD.",China,12A,66B,YOUYI,,https://www.maktekfuari.com/en/exhibitor-list?page=88,https://www.maktekfuari.com/en/brand/wenling-yongxin-tools-coltd
"WENZHOU HYSEM HYDRAULICS CO.,LTD",China,12A,71D,HYSEMHYD,"Wenzhou Hysem Hydraulics Co.,Ltd.",https://www.maktekfuari.com/en/exhibitor-list?page=88,https://www.maktekfuari.com/en/brand/wenzhou-hysem-hydraulics-coltd
"Wenzhou Hysem Hydraulics Co.,Ltd.",China,12A,71D,,,https://www.maktekfuari.com/en/exhibitor-list?page=88,https://www.maktekfuari.com/en/brand/wenzhou-hysem-hydraulics-coltd-1
"Weyu Machinery Co., Ltd",Tayvan,11,1180,,,https://www.maktekfuari.com/en/exhibitor-list?page=89,https://www.maktekfuari.com/en/brand/weyu-machinery-co-ltd
WFL MILLTURN TECHNOLOGIES GmbH & Co.KG,Austria,5,504,,,https://www.maktekfuari.com/en/exhibitor-list?page=89,https://www.maktekfuari.com/en/brand/wfl-millturn-technologies-gmbh-cokg
WHENZHOU SPRING TRADING CO LTD,China,12A,58C,,,https://www.maktekfuari.com/en/exhibitor-list?page=89,https://www.maktekfuari.com/en/brand/whenzhou-spring-trading-co-ltd
WIDIA,United States,11,1158,,,https://www.maktekfuari.com/en/exhibitor-list?page=89,https://www.maktekfuari.com/en/brand/widia
WIKUS-Sägenfabrik Wilhelm H. Kullmann GmbH & Co. KG,Germany,2,226,,,https://www.maktekfuari.com/en/exhibitor-list?page=89,https://www.maktekfuari.com/en/brand/wikus-sagenfabrik-wilhelm-h-kullmann-gmbh-co-kg
WILHELM KÖNIG MTM GmbH,Germany,11,1111,,,https://www.maktekfuari.com/en/exhibitor-list?page=89,https://www.maktekfuari.com/en/brand/wilhelm-konig-mtm-gmbh
WILSON TOOL,İngi̇ltere,3,317A,,,https://www.maktekfuari.com/en/exhibitor-list?page=89,https://www.maktekfuari.com/en/brand/wilson-tool
WIPRO PARI INDIA LIMITED,Hi̇ndi̇stan,11,1129,,,https://www.maktekfuari.com/en/exhibitor-list?page=89,https://www.maktekfuari.com/en/brand/wipro-pari-india-limited
WOM CNC MAKİNA TEKNOLOJILERI SAN. VE TİC. LTD. STİ.,Türki̇ye,9,907,WOM CNC MAKİNA TEKNOLOJİLERİ,"Detector France, Tsudakoma, TDG Clamping Solutions, SYIL, WOM COOLAND SAVE",https://www.maktekfuari.com/en/exhibitor-list?page=89,https://www.maktekfuari.com/en/brand/wom-cnc-makina-teknolojileri-san-ve-tic-ltd-sti
WOM COOLAND SAVE,Türki̇ye,9,907,,,https://www.maktekfuari.com/en/exhibitor-list?page=89,https://www.maktekfuari.com/en/brand/wom-cooland-save
"WOOYOUNG INDUSTRY CO.,LTD",South Korea,1,103,,,https://www.maktekfuari.com/en/exhibitor-list?page=89,https://www.maktekfuari.com/en/brand/wooyoung-industry-coltd
WORLDIA TURKEY KESİCİ TAKIMLAR LTD. ŞTİ.,Türki̇ye,9,904A,,,https://www.maktekfuari.com/en/exhibitor-list?page=89,https://www.maktekfuari.com/en/brand/worldia-turkey-kesici-takimlar-ltd-sti
XI XINZHOU BEARING INDUSTRIAL,Türki̇ye,12A,71,,,https://www.maktekfuari.com/en/exhibitor-list?page=90,https://www.maktekfuari.com/en/brand/xinzhou-bearing-industrial
XU XUYI PRECISION MACHINERY CO.LTD.,Türki̇ye,12A,79C,,,https://www.maktekfuari.com/en/exhibitor-list?page=90,https://www.maktekfuari.com/en/brand/xuyi-precision-machinery-coltd
YA YAMAZAKİ MAZAK TURKEY MAKİNA LTD.ŞTİ.,Türki̇ye,7,702,,,https://www.maktekfuari.com/en/exhibitor-list?page=90,https://www.maktekfuari.com/en/brand/yamazaki-mazak-turkey-makina-ltdsti
YAMASA YAZICI MAKİNA SAN. VE TİC. LTD. ŞTİ,Türki̇ye,11,1108,YAMASA; MİKROLER; MICROLLER; DIAMOND STAR,,https://www.maktekfuari.com/en/exhibitor-list?page=90,https://www.maktekfuari.com/en/brand/yamasa-yazici-makina-san-ve-tic-ltd-sti
YAMATO YAZICI MAKİNA TAKIM SAN VE TİC LTD ŞTİ,Türki̇ye,12A,09,ROBUTO,,https://www.maktekfuari.com/en/exhibitor-list?page=90,https://www.maktekfuari.com/en/brand/yamato-yazici-makina-takim-san-ve-tic-ltd-sti
YAMAZAKİ MAZAK CO,Japan,7,704,,,https://www.maktekfuari.com/en/exhibitor-list?page=90,https://www.maktekfuari.com/en/brand/yamazaki-mazak-co
YAMAZAKİ MAZAK TURKEY MAKİNA LTD.ŞTİ.,Türki̇ye,7,702,,,https://www.maktekfuari.com/en/exhibitor-list?page=91,https://www.maktekfuari.com/en/brand/yamazaki-mazak-turkey-makina-ltdsti
YAMER ENDÜSTRİYEL ÜRÜNLER TİC LTD ŞTİ,Türki̇ye,11,1121,Yamer,"Sylvac, TRIMOS SA, GILARDONI S.p.A, KB Prüftechnik GmbH, Kroeplin, Tschorn GmbH, Phynix GmbH, SmartVision S.r.l, Mark 10, Schwenk, Peacock, Danatronıcs, ULTRA PRÄZISION MESSZEUGE GMBH, Aberlink, Shining 3D, Accretech, Foerster, Renishaw, PCE Instruments, Schut, Teclock",https://www.maktekfuari.com/en/exhibitor-list?page=90,https://www.maktekfuari.com/en/brand/yamer-endustriyel-urunler-tic-ltd-sti
"Yangzhou Metalforming Machine Tool Co., Ltd (YADON)",China,11A,49,,,https://www.maktekfuari.com/en/exhibitor-list?page=90,https://www.maktekfuari.com/en/brand/yangzhou-metalforming-machine-tool-co-ltd-yadon
"YANTAI FULLOVE CUTTING TOOLS CO.,LTD",China,11A,32E,FULLOVE TOOLS,,https://www.maktekfuari.com/en/exhibitor-list?page=90,https://www.maktekfuari.com/en/brand/yantai-fullove-cutting-tools-coltd
"YCM - YEONG CHIN MACHINERY INDUSTRIES CO., LTD",Tayvan,8,803,,,https://www.maktekfuari.com/en/exhibitor-list?page=90,https://www.maktekfuari.com/en/brand/ycm-yeong-chin-machinery-industries-co-ltd
YE YENİCİ MAKİNA KOMPRESÖR SAN. VE TİC. LTD. ŞTİ.,Türki̇ye,6,628,,,https://www.maktekfuari.com/en/exhibitor-list?page=90,https://www.maktekfuari.com/en/brand/yenici-makina-kompresor-san-ve-tic-ltd-sti
YENASOFT YAZ. DON. VE DAN. SAN TİC LTD. ŞTİ.,Türki̇ye,12,1219,YENASOFT,Dassault Systèmes SolidWorks Corporation,https://www.maktekfuari.com/en/exhibitor-list?page=90,https://www.maktekfuari.com/en/brand/yenasoft-yaz-don-ve-dan-san-tic-ltd-sti
YIH TROUN ENTERPRISE CO. LTD.,Tayvan,9,901A,"YIH TROUN ENTERPRISE CO., LTD",,https://www.maktekfuari.com/en/exhibitor-list?page=91,https://www.maktekfuari.com/en/brand/yih-troun-enterprise-co-ltd
YILDIRIM CNC MAKİNA SAN. VE TİC. LTD. ŞTİ.,Türki̇ye,5,501A,HIGHTECH,HIGHTECH,https://www.maktekfuari.com/en/exhibitor-list?page=91,https://www.maktekfuari.com/en/brand/yildirim-cnc-makina-san-ve-tic-ltd-sti
YILDIZ ODS MAKİNE SAN. VE TİC. LTD. ŞTİ.,Türki̇ye,11,1138,YILDIZ ODS,GERARDİ,https://www.maktekfuari.com/en/exhibitor-list?page=91,https://www.maktekfuari.com/en/brand/yildiz-ods-makine-san-ve-tic-ltd-sti
"YING HAN TECHNOLOGY CO., LTD.",Tayvan,4,408,,,https://www.maktekfuari.com/en/exhibitor-list?page=91,https://www.maktekfuari.com/en/brand/ying-han-technology-co-ltd
ZE ZESZ MAKİNA ELEKTRONİK SAN. VE TİC. LTD. ŞTİ.,Türki̇ye,11A,07,,,https://www.maktekfuari.com/en/exhibitor-list?page=92,https://www.maktekfuari.com/en/brand/zesz-makina-elektronik-san-ve-tic-ltd-sti
Zero Clamp GmbH,Germany,11,1150,,,https://www.maktekfuari.com/en/exhibitor-list?page=92,https://www.maktekfuari.com/en/brand/zero-clamp-gmbh
ZG Technology,China,12,1213,,,https://www.maktekfuari.com/en/exhibitor-list?page=92,https://www.maktekfuari.com/en/brand/zg-technology
"ZH ZHANGJIAGANG CITY ZHANGYUN MACHINERY MANUFACTURING CO.,LTD.",Türki̇ye,12A,77D,,,https://www.maktekfuari.com/en/exhibitor-list?page=92,https://www.maktekfuari.com/en/brand/zhangjiagang-city-zhangyun-machinery-manufacturing-coltd
"ZH ZHEJIANG JINAOLAN MACHINE TOOL CO., LTD.",Türki̇ye,12A,61D,,,https://www.maktekfuari.com/en/exhibitor-list?page=92,https://www.maktekfuari.com/en/brand/zhejiang-jinaolan-machine-tool-co-ltd
ZHANGJIAGANG XINGFEI CHEMICAL MACHINERY FACTORY,China,9,902A-2,,,https://www.maktekfuari.com/en/exhibitor-list?page=92,https://www.maktekfuari.com/en/brand/zhangjiagang-xingfei-chemical-machinery-factory
"ZHEJIANG BOLLY SAW INDUSTRY CO., LTD.",China,12A,19 Hall: 12A Booth: 55,,,https://www.maktekfuari.com/en/exhibitor-list?page=92,https://www.maktekfuari.com/en/brand/zhejiang-bolly-saw-industry-co-ltd
ZHEJIANG CHR INTELLIGENT EQUIPMENT CO. LTD.,China,9,904B,CHR,,https://www.maktekfuari.com/en/exhibitor-list?page=92,https://www.maktekfuari.com/en/brand/zhejiang-chr-intelligent-equipment-co-ltd
"ZHEJIANG GUANXINHONG INTELLIGENT TECHNOLOGY CO., LTD.",China,12A,59C,,,https://www.maktekfuari.com/en/exhibitor-list?page=92,https://www.maktekfuari.com/en/brand/zhejiang-guanxinhong-intelligent-technology-co-ltd
"ZHEJIANG JINAOLAN MACHINE TOOL CO., LTD.",China,12A,61D,KINGLAN,,https://www.maktekfuari.com/en/exhibitor-list?page=93,https://www.maktekfuari.com/en/brand/zhejiang-jinaolan-machine-tool-co-ltd
"ZHEJIANG MARKWAY MACHINERY CO., LTD.",China,12A,59A,SUJEGO,,https://www.maktekfuari.com/en/exhibitor-list?page=92,https://www.maktekfuari.com/en/brand/zhejiang-markway-machinery-co-ltd
"ZHEJIANG MEIRI INTELLIGENT MACHINERY CO., LTD",China,9,901F,,,https://www.maktekfuari.com/en/exhibitor-list?page=92,https://www.maktekfuari.com/en/brand/zhejiang-meiri-intelligent-machinery-co-ltd
"ZHEJIANG MEIRI INTELLIGENT MACHINERY CO., LTD.",China,9,901F,,,https://www.maktekfuari.com/en/exhibitor-list?page=93,https://www.maktekfuari.com/en/brand/zhejiang-meiri-intelligent-machinery-co-ltd-1
"ZHEJIANG MINGWEN INTELLIGENT TECHNOLOGY CO.,LTD.",China,9,902C,"Zhejiang Mingwen Intelligent Technology Co., Ltd.",,https://www.maktekfuari.com/en/exhibitor-list?page=92,https://www.maktekfuari.com/en/brand/zhejiang-mingwen-intelligent-technology-coltd
ZHEJIANG SAN OU MACHINERY CO. LTD.,China,11A,40,,,https://www.maktekfuari.com/en/exhibitor-list?page=93,https://www.maktekfuari.com/en/brand/zhejiang-san-ou-machinery-co-ltd
"ZHUZHOU NEWCERMETS MATERIAL CO.,LTD",China,12A,48A,Newceramic,,https://www.maktekfuari.com/en/exhibitor-list?page=94,https://www.maktekfuari.com/en/brand/zhuzhou-newcermets-material-coltd
ZHUZHOU SANT CUTTING TOOLS CO. LTD.,China,12A,67A,SANT,,https://www.maktekfuari.com/en/exhibitor-list?page=94,https://www.maktekfuari.com/en/brand/zhuzhou-sant-cutting-tools-co-ltd
"ZI ZIBO DEKUAN AUTOMATION EQUIPMENT CO., LTD",Türki̇ye,12A,72D,,,https://www.maktekfuari.com/en/exhibitor-list?page=94,https://www.maktekfuari.com/en/brand/zibo-dekuan-automation-equipment-co-ltd
ZMM SLIVEN BULGARIA,Bulgari̇stan,4,406,,,https://www.maktekfuari.com/en/exhibitor-list?page=94,https://www.maktekfuari.com/en/brand/zmm-sliven-bulgaria
ZMT BULGARIA LTD.,Bulgari̇stan,9,913,,,https://www.maktekfuari.com/en/exhibitor-list?page=94,https://www.maktekfuari.com/en/brand/zmt-bulgaria-ltd
"ZNK LASER TECHNOLOGY(JIANGSU) CO., LTD",China,12A,75,,,https://www.maktekfuari.com/en/exhibitor-list?page=94,https://www.maktekfuari.com/en/brand/znk-laser-technologyjiangsu-co-ltd
ZOLLER ÖLÇÜM TEKNOLOJİLERİ SAN. VE TİC. LTD. ŞTİ.,Germany,11,1139,,,https://www.maktekfuari.com/en/exhibitor-list?page=94,https://www.maktekfuari.com/en/brand/zoller-olcum-teknolojileri-san-ve-tic-ltd-sti
ZOPO,China,8,805,,,https://www.maktekfuari.com/en/exhibitor-list?page=94,https://www.maktekfuari.com/en/brand/zopo
ZPS - FRÉZOVACÍ NÁSTROJE a.s.,Czech Republic,11,1148A,,,https://www.maktekfuari.com/en/exhibitor-list?page=94,https://www.maktekfuari.com/en/brand/zps-frezovaci-nastroje-as
ZWSOFT,China,12A,05,,,https://www.maktekfuari.com/en/exhibitor-list?page=94,https://www.maktekfuari.com/en/brand/zwsoft
ZÜMRE MAKİNA İMALAT SANAYİ DIŞ TİCARET LİMİTED ŞİRKETİ,Türki̇ye,12A,12,"Karl Schüssler GmbH & Co. KG, Kemmer Hartmetallwerkzeuge GmbH, Diatool Präzisionswerkzeug GmbH, LMT TOOLS, ZCC Cutting Tools Europe GmbH","Karl Schüssler GmbH & Co. KG, Diatool Präzisionswerkzeug GmbH, Kemmer Hartmetallwerkzeuge GmbH, Johs. Boss GmbH & Co. KG, LMT Tool Systems GmbH & Co. KG, ZCC Cutting Tools Europe GmbH",https://www.maktekfuari.com/en/exhibitor-list?page=94,https://www.maktekfuari.com/en/brand/zumre-makina-imalat-sanayi-dis-ticaret-limited-sirketi
ZÜMRESOFT YAZILIM HİZMETLERİ LTD. ŞTİ,Türki̇ye,12A,08,,,https://www.maktekfuari.com/en/exhibitor-list?page=94,https://www.maktekfuari.com/en/brand/zumresoft-yazilim-hizmetleri-ltd-sti
ÇELEBİ MAK.MÜH.SÜLEYMAN ÇELEBİ,Türki̇ye,11,1173,Sky carbide,HPMT INDUSTRIES SDN. BHD.,https://www.maktekfuari.com/en/exhibitor-list?page=13,https://www.maktekfuari.com/en/brand/celebi-makmuhsuleyman-celebi
ÇELİK MAKİNA TİCARET A.Ş.,Türki̇ye,7,710,OTURN,"Ningbo Oturn Machinery Co., Ltd., Maschinenfabrik Herkules GmbH & Co. KG, Ningbo Oturn Machinery Co., Ltd.",https://www.maktekfuari.com/en/exhibitor-list?page=13,https://www.maktekfuari.com/en/brand/celik-makina-ticaret-as
ÇUKUROVA İKLİMLENDİRME A.Ş.,Türki̇ye,6,630D,,,https://www.maktekfuari.com/en/exhibitor-list?page=17,https://www.maktekfuari.com/en/brand/cukurova-iklimlendirme-as
ÖZKA FABRİKA MALZEMELERİ VE TAKIM SANAYİ LTD ŞTİ,Türki̇ye,7,706,,"SOCO MACHINERY CO LTD., KINKELDER BV",https://www.maktekfuari.com/en/exhibitor-list?page=61,https://www.maktekfuari.com/en/brand/ozka-fabrika-malzemeleri-ve-takim-sanayi-ltd-sti
ÖZKAYALI MAKİNA A.Ş.,Türki̇ye,11,1112,,,https://www.maktekfuari.com/en/exhibitor-list?page=61,https://www.maktekfuari.com/en/brand/ozkayali-makina-as
ÖZVERİ TEKMAN AVENTEK MAKİNA VE CNC EKİPMANLARI,Türki̇ye,12A,50B,Heimatec,Heimatec Gmbh,https://www.maktekfuari.com/en/exhibitor-list?page=61,https://www.maktekfuari.com/en/brand/ozveri-tekman-aventek-makina-ve-cnc-ekipmanlari
ÜÇGEN YAZILIM DANIŞMANLIK BİLG.VE MAK.SAN.TİC.LTD.ŞTİ.,Türki̇ye,12,1215,,,https://www.maktekfuari.com/en/exhibitor-list?page=85,https://www.maktekfuari.com/en/brand/ucgen-yazilim-danismanlik-bilgve-maksanticltdsti
ŞAHİNLER METAL MAKİNA ENDÜSTRİ A. Ş.,Türki̇ye,3,303,"ŞAHİNLER METAL MAKİNA ENDÜSTRİ A.Ş., ŞAHİNLER METAL MAKİNA ENDÜSTRİ A.Ş.",,https://www.maktekfuari.com/en/exhibitor-list?page=69,https://www.maktekfuari.com/en/brand/sahinler-metal-makina-endustri-a-s
ŞENEL ENDÜSTRİ MAKİNA VE METAL SAN. TİC. A.Ş.,Türki̇ye,10,1002,ŞENEL,,https://www.maktekfuari.com/en/exhibitor-list?page=71,https://www.maktekfuari.com/en/brand/senel-endustri-makina-ve-metal-san-tic-as
